【合租】罗店 佳翔苑 3室次卧,佳翔苑,1000,http://sh.58.com//pinpaigongyu/27092562014143x.shtml,121.344193,31.406911
【合租】罗店 美安苑 3室次卧,美安苑,950,http://sh.58.com//pinpaigongyu/27260389672372x.shtml,121.346638,31.415251
【合租】嘉定城区 远香舫庭苑 3室次卧,远香舫庭苑,950,http://sh.58.com//pinpaigongyu/26741025754170x.shtml,121.265300,31.375602
【合租】嘉定城区 清河路443弄 3室次卧,清河路443弄,1000,http://sh.58.com//pinpaigongyu/26741035445960x.shtml,121.2653,31.375602
【合租】青浦新城 新青浦花苑 3室次卧,新青浦花苑,1000,http://sh.58.com//pinpaigongyu/26940281103680x.shtml,121.130087,31.16178
【合租】菊园新区 汇丰荷苑 3室次卧,汇丰荷苑,1000,http://sh.58.com//pinpaigongyu/26815970988987x.shtml,121.245575,31.392675
【合租】罗店 金丰苑南区 3室次卧,金丰苑南区,900,http://sh.58.com//pinpaigongyu/27037657273021x.shtml,121.340781,31.398793
【合租】南桥 恒盛湖畔豪庭 3室主卧,恒盛湖畔豪庭,938,http://sh.58.com//pinpaigongyu/26994982385847x.shtml,121.497115,30.933731
【合租】南桥 绿地南桥新苑 3室次卧,绿地南桥新苑,850,http://sh.58.com//pinpaigongyu/27355855929012x.shtml,121.472775,30.936653
【合租】曹路 金海华城永华苑 3室次卧,金海华城永华苑,850,http://sh.58.com//pinpaigongyu/27119684181837x.shtml,121.692251,31.276825
【合租】惠南 惠康苑 3室次卧,惠康苑,1000,http://sh.58.com//pinpaigongyu/27180884828875x.shtml,121.744275,31.075541
【合租】小昆山 翔昆苑 5室主卧,翔昆苑,580,http://sh.58.com//pinpaigongyu/27224891073705x.shtml,121.126893,31.032448
【合租】惠南 西门锦绣苑西苑 3室主卧,西门锦绣苑西苑,1000,http://sh.58.com//pinpaigongyu/27315586856643x.shtml,121.761864,31.045767
【合租】惠南 人生港湾南欧城 3室次卧,人生港湾南欧城,1000,http://sh.58.com//pinpaigongyu/27195018043587x.shtml,121.776237,31.045426
【合租】惠南 德盈佳苑 3室次卧,德盈佳苑,950,http://sh.58.com//pinpaigongyu/27017588881741x.shtml,121.761864,31.045767
【合租】惠南 民乐城丽园 3室次卧,民乐城丽园,900,http://sh.58.com//pinpaigongyu/27114555317170x.shtml,121.743717,31.069883
【合租】惠南 金汇广场 3室主卧,金汇广场,900,http://sh.58.com//pinpaigongyu/26467555807917x.shtml,121.756451,31.043614
【合租】罗南 佳翔苑 3室次卧,佳翔苑,1000,http://sh.58.com//pinpaigongyu/27105679605303x.shtml,121.345738,31.406323
【合租】罗南 佳境苑 3室次卧,佳境苑,900,http://sh.58.com//pinpaigongyu/27282516493370x.shtml,121.345666,31.406046
【合租】罗南 金丰苑南区 3室次卧,金丰苑南区,950,http://sh.58.com//pinpaigongyu/27084328212801x.shtml,121.340833,31.398787
【合租】惠南 金地城 3室次卧,金地城,1000,http://sh.58.com//pinpaigongyu/27173488220459x.shtml,121.761864,31.045767
【合租】安亭 招商新村 4室次卧,招商新村,750,http://sh.58.com//pinpaigongyu/27314968473805x.shtml,121.152991,31.297031
【合租】月浦 中冶祥腾宝月花 3室次卧,中冶祥腾宝月花,1000,http://sh.58.com//pinpaigongyu/27007008829365x.shtml,121.418441,31.430764
【整租】田林 漕宝路商铺 1室0厅,漕宝路商铺,900,http://sh.58.com//pinpaigongyu/27424995731393x.shtml,121.425141,31.173056
【合租】罗店 金丰苑南区 3室次卧,金丰苑南区,800,http://sh.58.com//pinpaigongyu/27415267210823x.shtml,121.346638,31.415251
【合租】罗南 美平苑 3室次卧,美平苑,950,http://sh.58.com//pinpaigongyu/27169951623753x.shtml,121.354955,31.396814
【合租】嘉定城区 远香舫新苑 3室次卧,远香舫新苑,1000,http://sh.58.com//pinpaigongyu/26815937782084x.shtml,121.265300,31.375602
【合租】青浦新城 新青浦花苑 3室次卧,新青浦花苑,800,http://sh.58.com//pinpaigongyu/26939627042618x.shtml,121.130227,31.161758
【合租】青浦新城 民乐佳苑一区 3室次卧,民乐佳苑一区,900,http://sh.58.com//pinpaigongyu/27214048865735x.shtml,121.097916,31.167135
【合租】安亭 玉兰二村 3室次卧,玉兰二村,900,http://sh.58.com//pinpaigongyu/26771828852275x.shtml,121.170913,31.303641
【合租】青浦新城 体育新村 3室主卧,体育新村,1000,http://sh.58.com//pinpaigongyu/27315473009965x.shtml,121.124536,31.15869
【合租】月浦 阳光美林 3室次卧,阳光美林,900,http://sh.58.com//pinpaigongyu/27195197236813x.shtml,121.416671,31.432713
【合租】罗店 美罗家园润苑 3室主卧,美罗家园润苑,1000,http://sh.58.com//pinpaigongyu/26893938624937x.shtml,121.340898,31.405921
【合租】罗店 佳翔苑 3室次卧,佳翔苑,1000,http://sh.58.com//pinpaigongyu/27372184961847x.shtml,121.344193,31.406911
【合租】月浦 新月鸿锦苑 3室次卧,新月鸿锦苑,1000,http://sh.58.com//pinpaigongyu/26617951715273x.shtml,121.424271,31.412098
【合租】小昆山 翔昆苑 3室主卧,翔昆苑,480,http://sh.58.com//pinpaigongyu/27224878427827x.shtml,121.126893,31.032448
【合租】惠南 民乐城惠益新苑 2室次卧,民乐城惠益新苑,900,http://sh.58.com//pinpaigongyu/27212110150864x.shtml,121.746396,31.06379
【合租】南桥 金水苑 3室主卧,金水苑,754,http://sh.58.com//pinpaigongyu/26995055601199x.shtml,121.504312,30.961594
【合租】月浦 新城昱翠湾 3室次卧,新城昱翠湾,1000,http://sh.58.com//pinpaigongyu/26974240225742x.shtml,121.419348,31.435548
【合租】惠南 德盈佳苑 3室次卧,德盈佳苑,950,http://sh.58.com//pinpaigongyu/26937807052224x.shtml,121.807462,31.062689
【合租】惠南 金地城 3室次卧,金地城,1000,http://sh.58.com//pinpaigongyu/27173488220459x.shtml,121.761864,31.045767
【合租】安亭 招商新村 4室次卧,招商新村,750,http://sh.58.com//pinpaigongyu/27314968473805x.shtml,121.152991,31.297031
【合租】月浦 中冶祥腾宝月花 3室次卧,中冶祥腾宝月花,1000,http://sh.58.com//pinpaigongyu/27007008829365x.shtml,121.418441,31.430764
【整租】田林 漕宝路商铺 1室0厅,漕宝路商铺,900,http://sh.58.com//pinpaigongyu/27424995731393x.shtml,121.425141,31.173056
【合租】罗店 金丰苑南区 3室次卧,金丰苑南区,800,http://sh.58.com//pinpaigongyu/27415267210823x.shtml,121.346638,31.415251
【合租】罗南 美平苑 3室次卧,美平苑,950,http://sh.58.com//pinpaigongyu/27169951623753x.shtml,121.354955,31.396814
【合租】嘉定城区 远香舫新苑 3室次卧,远香舫新苑,1000,http://sh.58.com//pinpaigongyu/26815937782084x.shtml,121.265300,31.375602
【合租】青浦新城 新青浦花苑 3室次卧,新青浦花苑,800,http://sh.58.com//pinpaigongyu/26939627042618x.shtml,121.130227,31.161758
【合租】青浦新城 民乐佳苑一区 3室次卧,民乐佳苑一区,900,http://sh.58.com//pinpaigongyu/27214048865735x.shtml,121.097916,31.167135
【合租】安亭 玉兰二村 3室次卧,玉兰二村,900,http://sh.58.com//pinpaigongyu/26771828852275x.shtml,121.170913,31.303641
【合租】青浦新城 体育新村 3室主卧,体育新村,1000,http://sh.58.com//pinpaigongyu/27315473009965x.shtml,121.124536,31.15869
【合租】月浦 阳光美林 3室次卧,阳光美林,900,http://sh.58.com//pinpaigongyu/27195197236813x.shtml,121.416671,31.432713
【合租】罗店 美罗家园润苑 3室主卧,美罗家园润苑,1000,http://sh.58.com//pinpaigongyu/26893938624937x.shtml,121.340898,31.405921
【合租】罗店 佳翔苑 3室次卧,佳翔苑,1000,http://sh.58.com//pinpaigongyu/27372184961847x.shtml,121.344193,31.406911
【合租】月浦 新月鸿锦苑 3室次卧,新月鸿锦苑,1000,http://sh.58.com//pinpaigongyu/26617951715273x.shtml,121.424271,31.412098
【合租】小昆山 翔昆苑 3室主卧,翔昆苑,480,http://sh.58.com//pinpaigongyu/27224878427827x.shtml,121.126893,31.032448
【合租】惠南 民乐城惠益新苑 2室次卧,民乐城惠益新苑,900,http://sh.58.com//pinpaigongyu/27212110150864x.shtml,121.746396,31.06379
【合租】南桥 金水苑 3室主卧,金水苑,754,http://sh.58.com//pinpaigongyu/26995055601199x.shtml,121.504312,30.961594
【合租】月浦 新城昱翠湾 3室次卧,新城昱翠湾,1000,http://sh.58.com//pinpaigongyu/26974240225742x.shtml,121.419348,31.435548
【合租】惠南 德盈佳苑 3室次卧,德盈佳苑,950,http://sh.58.com//pinpaigongyu/26937807052224x.shtml,121.807462,31.062689
【合租】罗店 宝欣苑二村 3室次卧,宝欣苑二村,1000,http://sh.58.com//pinpaigongyu/27115309893419x.shtml,121.345942,31.393087
【合租】南桥 古华新村 3室次卧,古华新村,907,http://sh.58.com//pinpaigongyu/26852340517045x.shtml,121.474271,30.922656
【合租】罗南 宝欣苑一村 3室次卧,宝欣苑一村,900,http://sh.58.com//pinpaigongyu/27205264562091x.shtml,121.346147,31.394522
【合租】青浦新城 体育新村 3室次卧,体育新村,900,http://sh.58.com//pinpaigongyu/26617603955898x.shtml,121.124585,31.158545
【合租】惠南 彩虹雅苑 3室次卧,彩虹雅苑,900,http://sh.58.com//pinpaigongyu/26807269063339x.shtml,121.763912,31.057863
【合租】南桥 育秀东区 3室次卧,育秀东区,882,http://sh.58.com//pinpaigongyu/26852788216138x.shtml,121.474202,30.913382
【合租】月浦 中冶尚园 4室次卧,中冶尚园,900,http://sh.58.com//pinpaigongyu/26891392929466x.shtml,121.421036,31.432074
【合租】惠南 惠康苑 3室次卧,惠康苑,900,http://sh.58.com//pinpaigongyu/26807910836929x.shtml,121.744634,31.075386
【合租】惠南 惠康苑 3室次卧,惠康苑,700,http://sh.58.com//pinpaigongyu/27378010459577x.shtml,121.743621,31.074066
【合租】月浦 中冶祥腾宝月花园 3室次卧,中冶祥腾宝月花园,1000,http://sh.58.com//pinpaigongyu/26861929633231x.shtml,121.424271,31.412098
【合租】惠南 惠康苑 3室次卧,惠康苑,800,http://sh.58.com//pinpaigongyu/27336468367926x.shtml,121.743621,31.074066
【合租】惠南 德盈佳苑 3室次卧,德盈佳苑,1000,http://sh.58.com//pinpaigongyu/26807143650473x.shtml,121.761864,31.045767
【合租】月浦 中冶祥腾宝月花园 3室次卧,中冶祥腾宝月花园,1000,http://sh.58.com//pinpaigongyu/26783448671918x.shtml,121.424271,31.412098
【合租】菊园新区 练祁佳城同盛园 3室次卧,练祁佳城同盛园,900,http://sh.58.com//pinpaigongyu/26652161496491x.shtml,121.241241,31.394726
【合租】南桥 悦丰新苑 3室主卧,悦丰新苑,790,http://sh.58.com//pinpaigongyu/26963120577452x.shtml,121.455536,30.931861
【合租】罗南 佳境苑 3室次卧,佳境苑,1000,http://sh.58.com//pinpaigongyu/26771727960757x.shtml,121.357470,31.388831
【合租】南桥 罗兰花园 4室次卧,罗兰花园,663,http://sh.58.com//pinpaigongyu/26973321043648x.shtml,121.441416,30.919788
【合租】菊园新区 柳湖景庭 1室次卧,柳湖景庭,923,http://sh.58.com//pinpaigongyu/27291627315913x.shtml,121.253414,31.412555
【合租】罗店 佳翔苑 3室次卧,佳翔苑,1000,http://sh.58.com//pinpaigongyu/27092562014143x.shtml,121.344193,31.406911
【合租】罗店 美安苑 3室次卧,美安苑,950,http://sh.58.com//pinpaigongyu/27260389672372x.shtml,121.346638,31.415251
【合租】月浦 阳光美林 3室次卧,阳光美林,1000,http://sh.58.com//pinpaigongyu/26904243961412x.shtml,121.416585,31.432601
【合租】罗店 金丰苑南区 3室次卧,金丰苑南区,950,http://sh.58.com//pinpaigongyu/26983513711160x.shtml,121.340988,31.398246
【合租】惠南 惠康苑 3室次卧,惠康苑,900,http://sh.58.com//pinpaigongyu/27134673394887x.shtml,121.743621,31.074066
【合租】罗南 宝欣苑二村 3室次卧,宝欣苑二村,950,http://sh.58.com//pinpaigongyu/27358233776453x.shtml,121.346044,31.393177
【合租】惠南 惠康苑 2室次卧,惠康苑,900,http://sh.58.com//pinpaigongyu/27254887553592x.shtml,121.743621,31.074066
【合租】惠南 西北新村 3室次卧,西北新村,950,http://sh.58.com//pinpaigongyu/26894298075314x.shtml,121.769906,31.051907
【合租】罗店 佳翔苑 3室次卧,佳翔苑,950,http://sh.58.com//pinpaigongyu/27127413037259x.shtml,121.344193,31.406911
【合租】罗南 宝欣苑二村 3室次卧,宝欣苑二村,950,http://sh.58.com//pinpaigongyu/27038993646271x.shtml,121.357470,31.388831
【合租】罗南 美安苑 3室次卧,美安苑,1000,http://sh.58.com//pinpaigongyu/27258488751038x.shtml,121.355027,31.396691
【合租】惠南 民乐城惠益新苑（ 3室主卧,民乐城惠益新苑（,1000,http://sh.58.com//pinpaigongyu/26642862041403x.shtml,121.757058,31.048562
【合租】惠南 民乐城惠益新苑 3室次卧,民乐城惠益新苑,900,http://sh.58.com//pinpaigongyu/27314059273522x.shtml,121.745838,31.06439
【合租】月浦 中冶尚园 3室次卧,中冶尚园,950,http://sh.58.com//pinpaigongyu/27283859776963x.shtml,121.421036,31.432074
【整租】康建 康惠苑 1室0厅,康惠苑,900,http://sh.58.com//pinpaigongyu/27305095311817x.shtml,121.438783,31.171242
【合租】惠南 民乐城惠益新苑 2室次卧,民乐城惠益新苑,900,http://sh.58.com//pinpaigongyu/27024087409609x.shtml,121.746396,31.06379
【合租】青浦新城 新锦港花园 3室次卧,新锦港花园,1000,http://sh.58.com//pinpaigongyu/26939406590143x.shtml,121.124934,31.16321
【合租】小昆山 文晋苑 4室次卧,文晋苑,872,http://sh.58.com//pinpaigongyu/27257990989369x.shtml,121.133378,31.03613
【合租】罗南 美兰湖颐景园 3室次卧,美兰湖颐景园,1000,http://sh.58.com//pinpaigongyu/27081376244544x.shtml,121.368663,31.400066
【合租】青浦新城 佳福雅苑 3室次卧,佳福雅苑,929,http://sh.58.com//pinpaigongyu/27224881688260x.shtml,121.146606,31.167621
【合租】嘉定新城 绿洲香润苑 4室次卧,绿洲香润苑,1000,http://sh.58.com//pinpaigongyu/27224993075520x.shtml,121.289655,31.422052
【合租】惠南 惠康苑 2室次卧,惠康苑,900,http://sh.58.com//pinpaigongyu/27411159414837x.shtml,121.743621,31.074066
【合租】罗店 佳翔苑 3室次卧,佳翔苑,950,http://sh.58.com//pinpaigongyu/27339384213456x.shtml,121.344193,31.406911
【合租】罗店 金丰苑南区 3室次卧,金丰苑南区,950,http://sh.58.com//pinpaigongyu/26960146906676x.shtml,121.346638,31.415251
【合租】南桥 白沙通苑 3室次卧,白沙通苑,640,http://sh.58.com//pinpaigongyu/26973352764332x.shtml,121.51455,30.948964
【合租】嘉定城区 绿洲丰怡园 3室次卧,绿洲丰怡园,1000,http://sh.58.com//pinpaigongyu/27316386446138x.shtml,121.240523,31.374927
【合租】嘉定城区 练祁佳城同盛园 3室次卧,练祁佳城同盛园,900,http://sh.58.com//pinpaigongyu/26951858434996x.shtml,121.217618,31.388272
【合租】青浦新城 民乐佳苑一区 3室次卧,民乐佳苑一区,800,http://sh.58.com//pinpaigongyu/26972895783117x.shtml,121.097916,31.167135
【合租】小昆山 翔昆苑 4室次卧,翔昆苑,918,http://sh.58.com//pinpaigongyu/27125683379396x.shtml,121.126893,31.032448
【合租】月浦 新月鸿锦苑 3室次卧,新月鸿锦苑,900,http://sh.58.com//pinpaigongyu/27335945933760x.shtml,121.419878,31.425896
【合租】青浦新城 体育新村 3室次卧,体育新村,900,http://sh.58.com//pinpaigongyu/26559638642362x.shtml,121.124585,31.158545
【合租】罗南 罗智苑 3室次卧,罗智苑,950,http://sh.58.com//pinpaigongyu/27170314403137x.shtml,121.357470,31.388831
【合租】月浦 中冶祥腾宝月花园 3室次卧,中冶祥腾宝月花园,1000,http://sh.58.com//pinpaigongyu/27316969932607x.shtml,121.418674,31.429282
【合租】赵巷 华中苑 3室主卧,华中苑,863,http://sh.58.com//pinpaigongyu/27191642197689x.shtml,121.160692,31.146195
【合租】南桥 金海苑南区 3室次卧,金海苑南区,800,http://sh.58.com//pinpaigongyu/27260352168637x.shtml,121.47698,30.935703
【合租】青浦周边 海天苑新村 3室次卧,海天苑新村,800,http://sh.58.com//pinpaigongyu/27117386973628x.shtml,121.110853,31.1643
【合租】菊园新区 宝菊新家园 4室次卧,宝菊新家园,973,http://sh.58.com//pinpaigongyu/26862398969036x.shtml,121.23225,31.391661
【合租】外冈 外冈佳苑 3室次卧,外冈佳苑,932,http://sh.58.com//pinpaigongyu/27269059861195x.shtml,121.162931,31.368739
【合租】南桥 树园新苑 3室次卧,树园新苑,900,http://sh.58.com//pinpaigongyu/27315845737003x.shtml,121.476163,30.929934
【合租】罗店 宝欣苑 2室次卧,宝欣苑,950,http://sh.58.com//pinpaigongyu/27422222314558x.shtml,121.346657,31.389982
【合租】嘉定新城 绿洲香润苑 4室次卧,绿洲香润苑,950,http://sh.58.com//pinpaigongyu/27368565731766x.shtml,121.289655,31.422052
【合租】月浦 新城昱翠湾 3室次卧,新城昱翠湾,1000,http://sh.58.com//pinpaigongyu/26852603732154x.shtml,121.415827,31.435548
【合租】南桥 绿地南桥新苑 3室次卧,绿地南桥新苑,850,http://sh.58.com//pinpaigongyu/27313471708111x.shtml,121.472775,30.936653
【合租】菊园新区 柳湖景庭 3室次卧,柳湖景庭,1000,http://sh.58.com//pinpaigongyu/26758713190090x.shtml,121.253414,31.412555
【合租】小昆山 文晋苑 4室次卧,文晋苑,925,http://sh.58.com//pinpaigongyu/27180570833737x.shtml,121.133378,31.03613
【合租】惠南 惠康苑 3室次卧,惠康苑,900,http://sh.58.com//pinpaigongyu/27212120798540x.shtml,121.743621,31.074066
【合租】菊园新区 怡华家园 3室次卧,怡华家园,1000,http://sh.58.com//pinpaigongyu/27182275205692x.shtml,121.251693,31.411665
【合租】惠南 惠康苑 2室次卧,惠康苑,900,http://sh.58.com//pinpaigongyu/27344807122994x.shtml,121.743621,31.074066
【合租】青浦新城 佳福雅苑 3室次卧,佳福雅苑,862,http://sh.58.com//pinpaigongyu/27291175810481x.shtml,121.146606,31.167621
【合租】罗店 美罗家园润苑 3室次卧,美罗家园润苑,1000,http://sh.58.com//pinpaigongyu/27180813435690x.shtml,121.332989,31.398909
【合租】罗店 宝欣苑 2室次卧,宝欣苑,800,http://sh.58.com//pinpaigongyu/26891446403907x.shtml,121.346226,31.392553
【合租】罗南 罗智苑 3室次卧,罗智苑,1000,http://sh.58.com//pinpaigongyu/27258406285002x.shtml,121.357470,31.388831
【合租】嘉定新城 绿洲香润苑 4室主卧,绿洲香润苑,827,http://sh.58.com//pinpaigongyu/27390691901890x.shtml,121.289655,31.422052
【合租】惠南 金汇广场 2室主卧,金汇广场,1000,http://sh.58.com//pinpaigongyu/26453214951992x.shtml,121.756178,31.043804
【合租】菊园新区 汇丰荷苑 3室次卧,汇丰荷苑,1000,http://sh.58.com//pinpaigongyu/27316458996270x.shtml,121.250299,31.409254
【合租】南桥 阳光园 3室主卧,阳光园,941,http://sh.58.com//pinpaigongyu/27291596516045x.shtml,121.456136,30.90613
【合租】赵巷 崧文苑 4室次卧,崧文苑,988,http://sh.58.com//pinpaigongyu/27357512864459x.shtml,121.152402,31.153874
【合租】南桥 贝港南区 4室主卧,贝港南区,929,http://sh.58.com//pinpaigongyu/26852062696621x.shtml,121.453043,30.914085
【合租】罗店 佳翔苑 3室次卧,佳翔苑,950,http://sh.58.com//pinpaigongyu/27028554775630x.shtml,121.344193,31.406911
【合租】惠南 艺泰一品花园 3室次卧,艺泰一品花园,900,http://sh.58.com//pinpaigongyu/27125587790893x.shtml,121.736254,31.055588
【合租】青浦新城 体育新村 3室次卧,体育新村,800,http://sh.58.com//pinpaigongyu/26662814643124x.shtml,121.124585,31.158545
【合租】青浦新城 祥龙小区 3室次卧,祥龙小区,900,http://sh.58.com//pinpaigongyu/27226692737594x.shtml,121.126112,31.160479
【合租】罗店 美罗家园润苑 3室次卧,美罗家园润苑,950,http://sh.58.com//pinpaigongyu/26983564664497x.shtml,121.332989,31.398909
【合租】罗店 金丰苑南区 3室次卧,金丰苑南区,1000,http://sh.58.com//pinpaigongyu/27029210322384x.shtml,121.346638,31.415251
【合租】罗店 佳翔苑 3室次卧,佳翔苑,950,http://sh.58.com//pinpaigongyu/27103320357432x.shtml,121.344193,31.406911
【合租】惠南 伊顿公馆 3室次卧,伊顿公馆,900,http://sh.58.com//pinpaigongyu/26850941729228x.shtml,121.761864,31.045767
【合租】青浦新城 庆华新村 3室次卧,庆华新村,800,http://sh.58.com//pinpaigongyu/26559682001215x.shtml,121.121494,31.156087
【合租】漕河泾 冠园宾馆 1室主卧,冠园宾馆,950,http://sh.58.com//pinpaigongyu/27402797796940x.shtml,121.416405,31.167910
【合租】月浦 中冶锦园 1室次卧,中冶锦园,900,http://sh.58.com//pinpaigongyu/27212107663950x.shtml,121.415612,31.43356
【合租】惠南 惠康苑 2室次卧,惠康苑,800,http://sh.58.com//pinpaigongyu/27223546272581x.shtml,121.743621,31.074066
【合租】外冈 外冈景苑 3室主卧,外冈景苑,836,http://sh.58.com//pinpaigongyu/26863530315854x.shtml,121.16504,31.374868
【合租】罗南 宝欣苑二村 3室次卧,宝欣苑二村,950,http://sh.58.com//pinpaigongyu/27038943672007x.shtml,121.357470,31.388831
【合租】惠南 惠康苑 3室次卧,惠康苑,900,http://sh.58.com//pinpaigongyu/27358148669610x.shtml,121.743621,31.074066
【合租】惠南 兴东佳苑 3室次卧,兴东佳苑,900,http://sh.58.com//pinpaigongyu/26863012010294x.shtml,121.765885,31.059792
【合租】惠南 德盈佳苑 3室次卧,德盈佳苑,800,http://sh.58.com//pinpaigongyu/27315650179787x.shtml,121.761864,31.045767
【合租】惠南 民乐城惠益新苑 3室次卧,民乐城惠益新苑,900,http://sh.58.com//pinpaigongyu/26893988948432x.shtml,121.746396,31.06379
【整租】康建 徐汇公寓 1室1厅,【整租】康建,760,http://sh.58.com//pinpaigongyu/27316709723856x.shtml,121.439368,31.168425
【整租】淞宝 盘古路927弄小 1室0厅,盘古路927弄小,550,http://sh.58.com//pinpaigongyu/27425824964158x.shtml,121.469403,31.407682
【合租】惠南 海燕苑 3室次卧,海燕苑,900,http://sh.58.com//pinpaigongyu/26850992526139x.shtml,121.761864,31.045767
【合租】罗店 罗贤苑 3室次卧,罗贤苑,950,http://sh.58.com//pinpaigongyu/26985201910990x.shtml,121.356088,31.394817
【合租】漕宝路地铁口 冠园宾馆 1室次卧,冠园宾馆,880,http://sh.58.com//pinpaigongyu/27415268342058x.shtml,121.439651,31.168926
【合租】惠南 德盈佳苑 3室次卧,德盈佳苑,1000,http://sh.58.com//pinpaigongyu/27117402554174x.shtml,121.807103,31.062813
【合租】惠南 听潮四村 3室次卧,听潮四村,800,http://sh.58.com//pinpaigongyu/26452918061362x.shtml,121.762036,31.032235
【合租】安亭 沁乐佳苑 3室主卧,沁乐佳苑,906,http://sh.58.com//pinpaigongyu/26851679262276x.shtml,121.166397,31.314497
【合租】惠南 宝业华庭 3室次卧,宝业华庭,1000,http://sh.58.com//pinpaigongyu/26506283037502x.shtml,121.737091,31.027231
【合租】惠南 听潮民乐苑零一坊 3室次卧,听潮民乐苑零一坊,1000,http://sh.58.com//pinpaigongyu/26467575007807x.shtml,121.761864,31.045767
【合租】罗南 佳境苑 3室次卧,佳境苑,1000,http://sh.58.com//pinpaigongyu/27360291442995x.shtml,121.344049,31.398556
【合租】罗南 罗贤苑 3室次卧,罗贤苑,1000,http://sh.58.com//pinpaigongyu/27015314899782x.shtml,121.357470,31.388831
【合租】罗南 佳翔苑 3室次卧,佳翔苑,1000,http://sh.58.com//pinpaigongyu/27128201045960x.shtml,121.345774,31.406323
【合租】南桥 江海新村 3室次卧,江海新村,873,http://sh.58.com//pinpaigongyu/26851837692339x.shtml,121.461065,30.911167
【合租】南桥 绿地南桥新苑 3室次卧,绿地南桥新苑,1000,http://sh.58.com//pinpaigongyu/27260523621322x.shtml,121.477627,30.935518
【合租】罗南 罗智苑 3室次卧,罗智苑,900,http://sh.58.com//pinpaigongyu/27225420611009x.shtml,121.351775,31.395535
【合租】罗店 美罗家园润苑 3室次卧,美罗家园润苑,950,http://sh.58.com//pinpaigongyu/27114500992695x.shtml,121.332989,31.398909
【合租】惠南 听潮民乐苑零一坊 3室主卧,听潮民乐苑零一坊,1000,http://sh.58.com//pinpaigongyu/26453163990607x.shtml,121.761864,31.045767
【合租】安亭 启航社U时代 4室主卧,启航社U时代,898,http://sh.58.com//pinpaigongyu/27384453504313x.shtml,121.148996,31.287561
【合租】青浦新城 新青浦花苑 3室次卧,新青浦花苑,1000,http://sh.58.com//pinpaigongyu/27006340103226x.shtml,121.130285,31.161749
【合租】南桥 中粮南桥半岛 4室次卧,中粮南桥半岛,890,http://sh.58.com//pinpaigongyu/27121292715194x.shtml,121.492657,30.926296
【合租】嘉定城区 绿洲丰怡园 3室次卧,绿洲丰怡园,900,http://sh.58.com//pinpaigongyu/26584690184648x.shtml,121.234441,31.379107
【合租】罗店 佳翔苑 3室次卧,佳翔苑,950,http://sh.58.com//pinpaigongyu/27039829824043x.shtml,121.344193,31.406911
【合租】南桥 江海新村 3室次卧,江海新村,824,http://sh.58.com//pinpaigongyu/26851728096937x.shtml,121.461065,30.911167
【合租】嘉定城区 练祁佳城同盛园 3室次卧,练祁佳城同盛园,900,http://sh.58.com//pinpaigongyu/26630368927785x.shtml,121.226942,31.386435
【合租】嘉定城区 外冈新苑 6室次卧,外冈新苑,932,http://sh.58.com//pinpaigongyu/27225288475463x.shtml,121.169159,31.370542
【合租】罗南 宝欣苑二村 3室次卧,宝欣苑二村,900,http://sh.58.com//pinpaigongyu/26938212745514x.shtml,121.357470,31.388831
【合租】罗南 罗智苑 3室次卧,罗智苑,950,http://sh.58.com//pinpaigongyu/27192389813960x.shtml,121.351918,31.395412
【合租】南桥 绿地南桥新苑 3室次卧,绿地南桥新苑,900,http://sh.58.com//pinpaigongyu/27313779783977x.shtml,121.472775,30.936653
【合租】惠南 民乐城惠益新苑 3室次卧,民乐城惠益新苑,900,http://sh.58.com//pinpaigongyu/27238611586995x.shtml,121.746575,31.06453
【合租】南桥 金海苑南区 3室次卧,金海苑南区,800,http://sh.58.com//pinpaigongyu/27316649661239x.shtml,121.456894,30.911385
【合租】罗店 美罗家园润苑 3室次卧,美罗家园润苑,950,http://sh.58.com//pinpaigongyu/26983535076784x.shtml,121.332989,31.398909
【合租】南桥 南郊一品 2室次卧,南郊一品,979,http://sh.58.com//pinpaigongyu/27213747741881x.shtml,121.498742,30.930749
【合租】惠南 金地城 3室次卧,金地城,1000,http://sh.58.com//pinpaigongyu/27357821485896x.shtml,121.773722,31.063184
【合租】罗店 佳翔苑 3室次卧,佳翔苑,900,http://sh.58.com//pinpaigongyu/27192167517510x.shtml,121.346099,31.406529
【合租】重固 大豪公寓 3室次卧,【合租】重固,800,http://sh.58.com//pinpaigongyu/26836075061185x.shtml,121.130672,31.157956
【合租】罗店 佳翔苑 3室次卧,佳翔苑,900,http://sh.58.com//pinpaigongyu/27283914500778x.shtml,121.344193,31.406911
【合租】惠南 惠康苑东苑 3室次卧,惠康苑东苑,950,http://sh.58.com//pinpaigongyu/26937946221881x.shtml,121.743395,31.072618
【合租】月浦 新城昱翠湾 3室次卧,新城昱翠湾,1000,http://sh.58.com//pinpaigongyu/27404280281268x.shtml,121.419391,31.435599
【整租】上海南站 沪闵路9000号 1室0厅,沪闵路9000号,950,http://sh.58.com//pinpaigongyu/27413069517889x.shtml,121.434005,31.162681
【合租】惠南 艺泰一品花园 2室次卧,艺泰一品花园,800,http://sh.58.com//pinpaigongyu/27249305088965x.shtml,121.736254,31.055588
【合租】青浦周边 新塘苑 3室次卧,新塘苑,988,http://sh.58.com//pinpaigongyu/27125554214080x.shtml,121.091425,31.130862
【合租】外冈 外冈佳苑 3室次卧,外冈佳苑,907,http://sh.58.com//pinpaigongyu/26851303737651x.shtml,121.162931,31.368739
【合租】惠南 德盈佳苑 3室次卧,德盈佳苑,900,http://sh.58.com//pinpaigongyu/27114647919938x.shtml,121.807282,31.062813
【合租】惠南 彩虹雅苑 3室主卧,彩虹雅苑,900,http://sh.58.com//pinpaigongyu/26452916097085x.shtml,121.741142,31.067678
【合租】罗店 美罗家园润苑 3室次卧,美罗家园润苑,950,http://sh.58.com//pinpaigongyu/26983564664497x.shtml,121.332989,31.398909
【合租】惠南 听潮民乐苑零一坊 3室主卧,听潮民乐苑零一坊,800,http://sh.58.com//pinpaigongyu/26467575465016x.shtml,121.748441,31.053037
【合租】月浦 阳光美林 3室次卧,阳光美林,1000,http://sh.58.com//pinpaigongyu/27195273818688x.shtml,121.416599,31.432728
【合租】惠南 民乐城惠益新苑绿 3室次卧,民乐城惠益新苑绿,900,http://sh.58.com//pinpaigongyu/26467578690114x.shtml,121.761864,31.045767
【合租】罗店 佳翔苑 2室次卧,佳翔苑,1000,http://sh.58.com//pinpaigongyu/27378018958270x.shtml,121.344193,31.406911
【合租】南桥 悦丰新苑 3室次卧,悦丰新苑,970,http://sh.58.com//pinpaigongyu/27224911430836x.shtml,121.455536,30.931861
【合租】罗店 美罗家园润苑 3室次卧,美罗家园润苑,1000,http://sh.58.com//pinpaigongyu/27256588753863x.shtml,121.332989,31.398909
【合租】惠南 德盈佳苑 3室次卧,德盈佳苑,950,http://sh.58.com//pinpaigongyu/27040402301372x.shtml,121.807318,31.062689
【合租】南桥 绿地南桥新苑 3室次卧,绿地南桥新苑,900,http://sh.58.com//pinpaigongyu/27260503364411x.shtml,121.477483,30.93527
【合租】青浦新城 新锦港花园 3室次卧,新锦港花园,700,http://sh.58.com//pinpaigongyu/26718360699562x.shtml,121.124934,31.16321
【合租】南桥 树园新苑 3室主卧,树园新苑,1000,http://sh.58.com//pinpaigongyu/27315865325876x.shtml,121.47592,30.929803
【合租】菊园新区 绿洲丰怡园 3室次卧,绿洲丰怡园,1000,http://sh.58.com//pinpaigongyu/26662689846706x.shtml,121.245575,31.392675
【合租】嘉定城区 同盛园 3室次卧,同盛园,846,http://sh.58.com//pinpaigongyu/26862836874556x.shtml,121.218891,31.386963
【合租】南桥 悦丰新苑 4室次卧,悦丰新苑,965,http://sh.58.com//pinpaigongyu/27379641667006x.shtml,121.455536,30.931861
【合租】月浦 新月鸿锦苑 3室次卧,新月鸿锦苑,900,http://sh.58.com//pinpaigongyu/26475153058631x.shtml,121.41347,31.419735
【合租】罗店 金丰苑 3室次卧,金丰苑,1000,http://sh.58.com//pinpaigongyu/27103257257671x.shtml,121.340918,31.398106
【合租】菊园新区 柳湖景庭 3室次卧,柳湖景庭,1000,http://sh.58.com//pinpaigongyu/26893930796615x.shtml,121.253414,31.412555
【合租】青浦新城 体育新村 3室次卧,体育新村,700,http://sh.58.com//pinpaigongyu/27315587147982x.shtml,121.124585,31.158545
【合租】青浦新城 环南新村 3室次卧,环南新村,988,http://sh.58.com//pinpaigongyu/27125849829954x.shtml,121.120076,31.119458
【合租】西渡 树园新苑 3室次卧,树园新苑,850,http://sh.58.com//pinpaigongyu/27355867107882x.shtml,121.476652,30.930605
【合租】罗店 佳翔苑 3室次卧,佳翔苑,1000,http://sh.58.com//pinpaigongyu/27083230279347x.shtml,121.344193,31.406911
【合租】惠南 惠康苑 3室次卧,惠康苑,1000,http://sh.58.com//pinpaigongyu/27249013977915x.shtml,121.744383,31.075974
【合租】南桥 悦丰新苑 3室次卧,悦丰新苑,972,http://sh.58.com//pinpaigongyu/27225058600886x.shtml,121.455536,30.931861
【合租】菊园新区 汇丰荷苑 3室次卧,汇丰荷苑,923,http://sh.58.com//pinpaigongyu/26862652527427x.shtml,121.250299,31.409254
【合租】青浦新城 海天苑别墅 3室主卧,海天苑别墅,1000,http://sh.58.com//pinpaigongyu/27391417919794x.shtml,121.110918,31.164285
【合租】惠南 惠康苑 2室次卧,惠康苑,900,http://sh.58.com//pinpaigongyu/27378004234825x.shtml,121.743621,31.074066
【合租】罗店 美罗家园润苑 3室次卧,美罗家园润苑,1000,http://sh.58.com//pinpaigongyu/27184417589319x.shtml,121.341293,31.405998
【合租】奉贤周边 绿地南桥新苑 3室次卧,绿地南桥新苑,900,http://sh.58.com//pinpaigongyu/27315887321802x.shtml,121.477024,30.935669
【合租】惠南 德盈佳苑 3室次卧,德盈佳苑,1000,http://sh.58.com//pinpaigongyu/27017698957898x.shtml,121.807318,31.062442
【合租】青浦新城 宝宜苑 3室次卧,宝宜苑,800,http://sh.58.com//pinpaigongyu/27117450040873x.shtml,121.121195,31.166207
【合租】南桥 万龙新村 3室次卧,万龙新村,835,http://sh.58.com//pinpaigongyu/26973678482612x.shtml,121.479407,30.92642
【合租】菊园新区 柳湖景庭 3室次卧,柳湖景庭,1000,http://sh.58.com//pinpaigongyu/27414903245481x.shtml,121.253719,31.412848
【合租】罗店 罗贤苑 3室次卧,罗贤苑,900,http://sh.58.com//pinpaigongyu/27038689707059x.shtml,121.355908,31.394694
【合租】青浦新城 宝宜苑 3室次卧,宝宜苑,700,http://sh.58.com//pinpaigongyu/27161014405298x.shtml,121.121195,31.166207
【合租】曹路 金群苑 3室主卧,金群苑,1000,http://sh.58.com//pinpaigongyu/27424572864705x.shtml,121.6887166,31.27751912
【合租】惠南 惠康苑东苑 3室次卧,惠康苑东苑,900,http://sh.58.com//pinpaigongyu/27106921180329x.shtml,121.745353,31.076376
【合租】惠南 惠康苑 3室次卧,惠康苑,1000,http://sh.58.com//pinpaigongyu/27283172125000x.shtml,121.744742,31.075386
【合租】惠南 德盈佳苑 3室次卧,德盈佳苑,900,http://sh.58.com//pinpaigongyu/26951333272777x.shtml,121.807031,31.062813
【合租】罗南 宝欣苑二村 3室次卧,宝欣苑二村,1000,http://sh.58.com//pinpaigongyu/26995779299394x.shtml,121.346129,31.393235
【合租】青浦新城 佳福雅苑 4室次卧,佳福雅苑,862,http://sh.58.com//pinpaigongyu/27379648338751x.shtml,121.146606,31.167621
【合租】嘉定城区 远香舫新苑 3室次卧,远香舫新苑,1000,http://sh.58.com//pinpaigongyu/26806318707396x.shtml,121.265300,31.375602
【合租】青浦新城 祥龙小区 3室主卧,祥龙小区,1000,http://sh.58.com//pinpaigongyu/27226718199888x.shtml,121.126121,31.160424
【合租】月浦 中冶祥腾宝月花园 3室次卧,中冶祥腾宝月花园,1000,http://sh.58.com//pinpaigongyu/27413389859897x.shtml,121.418674,31.429282
【合租】罗南 金丰苑 3室次卧,金丰苑,900,http://sh.58.com//pinpaigongyu/26651933418831x.shtml,121.351612,31.398337
【合租】惠南 惠康苑 2室次卧,惠康苑,800,http://sh.58.com//pinpaigongyu/27002049269424x.shtml,121.743621,31.074066
【合租】惠南 西门锦绣苑西苑 3室次卧,西门锦绣苑西苑,800,http://sh.58.com//pinpaigongyu/27315616395828x.shtml,121.761864,31.045767
【合租】惠南 惠康苑 3室次卧,惠康苑,900,http://sh.58.com//pinpaigongyu/27411164435280x.shtml,121.743621,31.074066
【合租】罗南 佳翔苑 3室主卧,佳翔苑,1000,http://sh.58.com//pinpaigongyu/26452699073970x.shtml,121.339666,31.402014
【整租】友谊路 盘古路927弄 1室0厅,盘古路927弄,550,http://sh.58.com//pinpaigongyu/27281218991796x.shtml,121.469367,31.407389
【合租】南桥 江海二村 4室次卧,江海二村,834,http://sh.58.com//pinpaigongyu/27224902133821x.shtml,121.462918,30.907876
【合租】青浦新城 华中苑三区 3室主卧,华中苑三区,1000,http://sh.58.com//pinpaigongyu/26793892937898x.shtml,121.224023,31.243254
【合租】罗店 佳翔苑 2室次卧,佳翔苑,1000,http://sh.58.com//pinpaigongyu/27422227043788x.shtml,121.344193,31.406911
【合租】南桥 古华新村 3室主卧,古华新村,977,http://sh.58.com//pinpaigongyu/26852210074412x.shtml,121.474271,30.922656
【合租】惠南 德盈佳苑 3室次卧,德盈佳苑,950,http://sh.58.com//pinpaigongyu/26937868160173x.shtml,121.80739,31.062875
【合租】安亭 新瑅香公馆三期时 3室次卧,新瑅香公馆三期时,1000,http://sh.58.com//pinpaigongyu/27084116839482x.shtml,121.145868,31.283738
【合租】罗南 美罗家园润苑 3室主卧,美罗家园润苑,1000,http://sh.58.com//pinpaigongyu/26893913360299x.shtml,121.341166,31.405992
【整租】惠南 听潮民乐苑零一坊 3室1厅,听潮民乐苑零一坊,1000,http://sh.58.com//pinpaigongyu/26467548747075x.shtml,121.759289,31.04562
【合租】罗店 美罗家园润苑 3室次卧,美罗家园润苑,900,http://sh.58.com//pinpaigongyu/26894939512116x.shtml,121.332989,31.398909
【合租】惠南 听潮民乐苑零一坊 3室次卧,听潮民乐苑零一坊,900,http://sh.58.com//pinpaigongyu/26797548736964x.shtml,121.751929,31.058219
【合租】罗店 美罗家园润苑 3室次卧,美罗家园润苑,900,http://sh.58.com//pinpaigongyu/27258260998584x.shtml,121.332989,31.398909
【合租】罗南 佳境苑 3室次卧,佳境苑,1000,http://sh.58.com//pinpaigongyu/27159464249286x.shtml,121.344139,31.398402
【合租】惠南 民乐城丽园 3室次卧,民乐城丽园,900,http://sh.58.com//pinpaigongyu/27114772242493x.shtml,121.743592,31.068272
【合租】青浦新城 新青浦花苑 3室次卧,新青浦花苑,900,http://sh.58.com//pinpaigongyu/26795898096584x.shtml,121.129764,31.163387
【合租】惠南 惠康苑 3室次卧,惠康苑,900,http://sh.58.com//pinpaigongyu/27212118295618x.shtml,121.743621,31.074066
【合租】惠南 惠康苑 3室次卧,惠康苑,1000,http://sh.58.com//pinpaigongyu/27159329502908x.shtml,121.743621,31.074066
【合租】南桥 白沙东苑 3室主卧,白沙东苑,810,http://sh.58.com//pinpaigongyu/27291607663289x.shtml,121.524718,30.946424
【合租】罗店 罗贤苑 3室次卧,罗贤苑,900,http://sh.58.com//pinpaigongyu/27261681720757x.shtml,121.346638,31.415251
【合租】安亭 新城尚上城 3室次卧,新城尚上城,1000,http://sh.58.com//pinpaigongyu/27271021495113x.shtml,121.18607,31.290333
【合租】青浦新城 海天苑别墅 3室次卧,海天苑别墅,900,http://sh.58.com//pinpaigongyu/27391350811951x.shtml,121.110918,31.164285
【合租】南桥 悦丰新苑 3室次卧,悦丰新苑,800,http://sh.58.com//pinpaigongyu/27316157020490x.shtml,121.455536,30.931861
【合租】青浦新城 大豪公寓 3室次卧,【合租】青浦新城,1000,http://sh.58.com//pinpaigongyu/26796741281992x.shtml,121.131785,31.158775
【合租】罗店 佳境苑 3室次卧,佳境苑,900,http://sh.58.com//pinpaigongyu/27360230800707x.shtml,121.344,31.398357
【合租】惠南 民乐城惠益新苑 3室次卧,民乐城惠益新苑,1000,http://sh.58.com//pinpaigongyu/27314106099121x.shtml,121.746539,31.064004
【合租】青浦新城 民乐佳苑一区 3室次卧,民乐佳苑一区,900,http://sh.58.com//pinpaigongyu/26793765750851x.shtml,121.224023,31.243254
【合租】罗店 宝欣苑二村 3室次卧,宝欣苑二村,950,http://sh.58.com//pinpaigongyu/27195656032953x.shtml,121.346657,31.389982
【合租】罗南 佳境苑 3室次卧,佳境苑,1000,http://sh.58.com//pinpaigongyu/27282743622727x.shtml,121.344076,31.398302
【合租】安亭 公桥新村 4室次卧,公桥新村,780,http://sh.58.com//pinpaigongyu/27412693297860x.shtml,121.134105,31.295266
【合租】惠南 民乐城惠益新苑（ 3室次卧,民乐城惠益新苑（,900,http://sh.58.com//pinpaigongyu/26807524108487x.shtml,121.754384,31.062279
【合租】惠南 民乐城惠益新苑 3室次卧,民乐城惠益新苑,800,http://sh.58.com//pinpaigongyu/27201061335477x.shtml,121.746396,31.06379
【合租】赵巷 华中苑 3室次卧,华中苑,964,http://sh.58.com//pinpaigongyu/27121291571664x.shtml,121.160692,31.146195
【合租】惠南 听潮四村 3室次卧,听潮四村,800,http://sh.58.com//pinpaigongyu/26452918061362x.shtml,121.762036,31.032235
【合租】月浦 中冶祥腾宝月花园 3室次卧,中冶祥腾宝月花园,1000,http://sh.58.com//pinpaigongyu/27082614307001x.shtml,121.418674,31.429282
【合租】罗店 金丰苑南区 3室次卧,金丰苑南区,1000,http://sh.58.com//pinpaigongyu/27415287335218x.shtml,121.346638,31.415251
【合租】罗店 宝欣苑二村 3室次卧,宝欣苑二村,950,http://sh.58.com//pinpaigongyu/27114624273206x.shtml,121.346657,31.389982
【合租】惠南 惠益绿苑北苑 3室次卧,惠益绿苑北苑,900,http://sh.58.com//pinpaigongyu/27291374413001x.shtml,121.756025,31.063602
【合租】惠南 人生港湾南欧城 3室次卧,人生港湾南欧城,950,http://sh.58.com//pinpaigongyu/27173470448078x.shtml,121.776046,31.04496
【合租】青浦新城 民乐佳苑一区 3室次卧,民乐佳苑一区,950,http://sh.58.com//pinpaigongyu/27181233669453x.shtml,121.097916,31.167135
【合租】惠南 金地城三期御璄 3室次卧,金地城三期御璄,1000,http://sh.58.com//pinpaigongyu/27026194064305x.shtml,121.773758,31.062768
【整租】上海南站 东荡小区 1室0厅,东荡小区,860,http://sh.58.com//pinpaigongyu/27415757506244x.shtml,121.434455,31.156329
【合租】惠南 德盈佳苑 3室次卧,德盈佳苑,900,http://sh.58.com//pinpaigongyu/27347349089741x.shtml,121.761864,31.045767
【合租】青浦新城 祥龙小区 3室次卧,祥龙小区,800,http://sh.58.com//pinpaigongyu/26939597718349x.shtml,121.126004,31.160432
【合租】青浦新城 新青浦花苑 3室次卧,新青浦花苑,900,http://sh.58.com//pinpaigongyu/27006317665708x.shtml,121.130123,31.161765
【合租】罗南 金丰苑南区 3室主卧,金丰苑南区,1000,http://sh.58.com//pinpaigongyu/26452700406340x.shtml,121.346034,31.400776
【合租】罗南 宝欣苑一村 3室次卧,宝欣苑一村,900,http://sh.58.com//pinpaigongyu/27258392197193x.shtml,121.346165,31.394491
【合租】惠南 彩虹雅苑 3室次卧,彩虹雅苑,800,http://sh.58.com//pinpaigongyu/27238239804596x.shtml,121.744863,31.0604
【合租】惠南 惠康苑 2室次卧,惠康苑,900,http://sh.58.com//pinpaigongyu/27322680633038x.shtml,121.743621,31.074066
【合租】惠南 听潮民乐苑零一坊 3室次卧,听潮民乐苑零一坊,1000,http://sh.58.com//pinpaigongyu/26797575356612x.shtml,121.753079,31.058157
【合租】菊园新区 柳湖景庭 3室次卧,柳湖景庭,900,http://sh.58.com//pinpaigongyu/27360847253818x.shtml,121.253414,31.412555
【合租】罗店 金丰苑南区 4室次卧,金丰苑南区,900,http://sh.58.com//pinpaigongyu/27415375534124x.shtml,121.346638,31.415251
【合租】罗店 佳翔苑 3室次卧,佳翔苑,950,http://sh.58.com//pinpaigongyu/27260276925114x.shtml,121.344193,31.406911
【合租】菊园新区 柳湖景庭 3室次卧,柳湖景庭,900,http://sh.58.com//pinpaigongyu/26771758986433x.shtml,121.252366,31.398685
【合租】罗店 宝欣苑二村 3室次卧,宝欣苑二村,950,http://sh.58.com//pinpaigongyu/27394408741574x.shtml,121.346657,31.389982
【合租】惠南 惠康苑 3室次卧,惠康苑,800,http://sh.58.com//pinpaigongyu/27258713288905x.shtml,121.744024,31.075355
【合租】惠南 金地城 3室次卧,金地城,900,http://sh.58.com//pinpaigongyu/27125696880823x.shtml,121.773865,31.063184
【合租】漕宝路地铁口 沪闵路9248号 1室主卧,沪闵路9248号,800,http://sh.58.com//pinpaigongyu/27426797148078x.shtml,121.439364,31.168485
【合租】罗店 罗贤苑 3室次卧,罗贤苑,950,http://sh.58.com//pinpaigongyu/26928160492096x.shtml,121.35607,31.394709
【合租】惠南 伊顿公馆 3室次卧,伊顿公馆,1000,http://sh.58.com//pinpaigongyu/26874932770734x.shtml,121.778887,31.060439
【合租】罗店 罗贤苑 3室次卧,罗贤苑,950,http://sh.58.com//pinpaigongyu/27127491737903x.shtml,121.346638,31.415251
【合租】罗店 佳翔苑 3室次卧,佳翔苑,900,http://sh.58.com//pinpaigongyu/27393442191034x.shtml,121.344193,31.406911
【合租】青浦新城 体育新村 3室次卧,体育新村,700,http://sh.58.com//pinpaigongyu/27337937002810x.shtml,121.124585,31.158545
【合租】罗店 美罗家园润苑 3室次卧,美罗家园润苑,900,http://sh.58.com//pinpaigongyu/27393487595713x.shtml,121.332989,31.398909
【合租】南桥 江海二村 3室次卧,江海二村,918,http://sh.58.com//pinpaigongyu/26851510766126x.shtml,121.462918,30.907876
【合租】嘉定城区 绿洲丰怡园 3室次卧,绿洲丰怡园,1000,http://sh.58.com//pinpaigongyu/26476209671605x.shtml,121.233269,31.369229
【合租】青浦新城 祥龙小区 3室次卧,祥龙小区,750,http://sh.58.com//pinpaigongyu/26904916164547x.shtml,121.126004,31.160432
【合租】青浦新城 新青浦花苑 3室次卧,新青浦花苑,800,http://sh.58.com//pinpaigongyu/26940228948171x.shtml,121.130213,31.161912
【合租】小昆山 翔昆苑 3室次卧,翔昆苑,968,http://sh.58.com//pinpaigongyu/27125685040070x.shtml,121.126893,31.032448
【合租】南桥 悦丰新苑 3室次卧,悦丰新苑,968,http://sh.58.com//pinpaigongyu/27346455108424x.shtml,121.455536,30.931861
【合租】安亭 大名城名郡 3室次卧,大名城名郡,900,http://sh.58.com//pinpaigongyu/27282664844859x.shtml,121.162602,31.29549
【合租】菊园新区 柳湖景庭 3室次卧,柳湖景庭,1000,http://sh.58.com//pinpaigongyu/27360569622850x.shtml,121.253414,31.412555
【合租】罗南 美安苑 3室次卧,美安苑,950,http://sh.58.com//pinpaigongyu/27170415096644x.shtml,121.357470,31.388831
【合租】西渡 齐贤城百曲和苑 3室主卧,齐贤城百曲和苑,566,http://sh.58.com//pinpaigongyu/26994892179011x.shtml,121.438556,30.993728
【合租】青浦新城 庆华新村 3室次卧,庆华新村,800,http://sh.58.com//pinpaigongyu/26939554874437x.shtml,121.121494,31.156087
【合租】罗店 佳翔苑 3室次卧,佳翔苑,950,http://sh.58.com//pinpaigongyu/27170377182762x.shtml,121.344193,31.406911
【合租】惠南 彩虹雅苑西苑 3室主卧,彩虹雅苑西苑,1000,http://sh.58.com//pinpaigongyu/26453219088686x.shtml,121.761864,31.045767
【合租】惠南 惠康苑西苑 3室次卧,惠康苑西苑,1000,http://sh.58.com//pinpaigongyu/27247498872132x.shtml,121.761864,31.045767
【合租】嘉定城区 练祁佳城同盛园 3室次卧,练祁佳城同盛园,1000,http://sh.58.com//pinpaigongyu/26951877329475x.shtml,121.218552,31.387286
【合租】惠南 彩虹雅苑 3室次卧,彩虹雅苑,800,http://sh.58.com//pinpaigongyu/26650606243780x.shtml,121.751822,31.046355
【合租】嘉定城区 柳湖景庭 3室次卧,柳湖景庭,1000,http://sh.58.com//pinpaigongyu/26719816041936x.shtml,121.253413,31.412554
【合租】罗店 宝欣苑一村 3室次卧,宝欣苑一村,950,http://sh.58.com//pinpaigongyu/26927844657216x.shtml,121.346099,31.393214
【合租】菊园新区 柳湖景庭 3室次卧,柳湖景庭,1000,http://sh.58.com//pinpaigongyu/27415036357194x.shtml,121.253648,31.412848
【合租】南桥 古华新村A区 3室次卧,古华新村A区,812,http://sh.58.com//pinpaigongyu/26973589928900x.shtml,121.456894,30.911385
【合租】惠南 惠益绿苑北苑 3室次卧,惠益绿苑北苑,900,http://sh.58.com//pinpaigongyu/27095618720581x.shtml,121.747401,31.071984
【合租】惠南 民乐城惠益新苑 3室次卧,民乐城惠益新苑,850,http://sh.58.com//pinpaigongyu/26736558700458x.shtml,121.746396,31.06379
【合租】罗店 美平苑 3室次卧,美平苑,1000,http://sh.58.com//pinpaigongyu/27083202862776x.shtml,121.346638,31.415251
【合租】青浦新城 佳福雅苑 3室次卧,佳福雅苑,925,http://sh.58.com//pinpaigongyu/27121558166199x.shtml,121.146606,31.167621
【合租】罗南 美安苑 3室次卧,美安苑,900,http://sh.58.com//pinpaigongyu/26927270947151x.shtml,121.352422,31.393378
【合租】南桥 九华南苑 3室次卧,九华南苑,800,http://sh.58.com//pinpaigongyu/27394642437835x.shtml,121.470464,30.933893
【合租】奉贤周边 普康苑 3室次卧,普康苑,824,http://sh.58.com//pinpaigongyu/26973551537216x.shtml,121.477813,30.910148
【合租】惠南 惠康苑 3室次卧,惠康苑,900,http://sh.58.com//pinpaigongyu/26863023019983x.shtml,121.745443,31.075386
【合租】吴泾 塘泾南苑 3室主卧,塘泾南苑,961,http://sh.58.com//pinpaigongyu/27283897630022x.shtml,121.465153,31.050726
【合租】罗店 宝欣苑二村 3室次卧,宝欣苑二村,1000,http://sh.58.com//pinpaigongyu/27180794026048x.shtml,121.346657,31.389982
【合租】吴泾 塘泾南苑 3室主卧,塘泾南苑,961,http://sh.58.com//pinpaigongyu/27283897630022x.shtml,121.465153,31.050726
【合租】罗店 宝欣苑二村 3室次卧,宝欣苑二村,1000,http://sh.58.com//pinpaigongyu/27180794026048x.shtml,121.346657,31.389982
【合租】惠南 惠康苑 3室次卧,惠康苑,800,http://sh.58.com//pinpaigongyu/27272828844986x.shtml,121.743621,31.074066
【合租】惠南 惠康苑 3室次卧,惠康苑,900,http://sh.58.com//pinpaigongyu/26913507352369x.shtml,121.743621,31.074066
【合租】罗店 佳翔苑 3室次卧,佳翔苑,1000,http://sh.58.com//pinpaigongyu/27393457344564x.shtml,121.344193,31.406911
【合租】南桥 悦丰新苑 3室次卧,悦丰新苑,909,http://sh.58.com//pinpaigongyu/27255153795263x.shtml,121.455536,30.931861
【合租】罗店 金丰苑南区 3室次卧,金丰苑南区,1000,http://sh.58.com//pinpaigongyu/27085011899449x.shtml,121.346638,31.415251
【合租】南桥 江海二村 3室次卧,江海二村,806,http://sh.58.com//pinpaigongyu/26851733610567x.shtml,121.462918,30.907876
【合租】青浦新城 青水湾公寓 3室次卧,【合租】青浦新城,800,http://sh.58.com//pinpaigongyu/26467542795436x.shtml,121.149985,31.154884
【合租】嘉定新城 绿洲丰怡园 3室次卧,绿洲丰怡园,900,http://sh.58.com//pinpaigongyu/26584725558575x.shtml,121.255727,31.333096
【合租】惠南 惠康苑 3室次卧,惠康苑,900,http://sh.58.com//pinpaigongyu/27404505961393x.shtml,121.743621,31.074066
【合租】奉贤周边 绿地南桥新苑 3室主卧,绿地南桥新苑,1000,http://sh.58.com//pinpaigongyu/27315905412533x.shtml,121.473925,30.935429
【合租】惠南 惠康苑 3室次卧,惠康苑,900,http://sh.58.com//pinpaigongyu/27180862636717x.shtml,121.743916,31.075541
【合租】罗店 宝欣苑二村 3室次卧,宝欣苑二村,900,http://sh.58.com//pinpaigongyu/27180771878705x.shtml,121.346657,31.389982
【合租】罗南 美安苑 3室次卧,美安苑,1000,http://sh.58.com//pinpaigongyu/27184543023529x.shtml,121.352637,31.393378
【合租】惠南 惠康苑 3室次卧,惠康苑,900,http://sh.58.com//pinpaigongyu/27269279843790x.shtml,121.743621,31.074066
【合租】月浦 新月鸿锦苑 3室次卧,新月鸿锦苑,1000,http://sh.58.com//pinpaigongyu/26885601788875x.shtml,121.419833,31.426566
【合租】罗店 宝欣苑 3室次卧,宝欣苑,950,http://sh.58.com//pinpaigongyu/27344796125995x.shtml,121.346657,31.389982
【合租】罗店 金丰苑南区 3室次卧,金丰苑南区,1000,http://sh.58.com//pinpaigongyu/27085053738291x.shtml,121.346638,31.415251
【合租】罗店 美罗家园润苑 3室次卧,美罗家园润苑,1000,http://sh.58.com//pinpaigongyu/27327022264378x.shtml,121.341167,31.405982
【合租】罗南 金丰苑南区 3室次卧,金丰苑南区,950,http://sh.58.com//pinpaigongyu/27039161859755x.shtml,121.357470,31.388831
【合租】惠南 惠康苑 2室次卧,惠康苑,900,http://sh.58.com//pinpaigongyu/27422216449726x.shtml,121.743621,31.074066
【整租】安亭 启航社U时代 4室1厅,启航社U时代,598,http://sh.58.com//pinpaigongyu/27384478826940x.shtml,121.148996,31.287561
【合租】惠南 彩虹雅苑 3室次卧,彩虹雅苑,900,http://sh.58.com//pinpaigongyu/27191726783950x.shtml,121.744863,31.0604
【合租】青浦新城 体育新村 3室次卧,体育新村,800,http://sh.58.com//pinpaigongyu/27306259594957x.shtml,121.124585,31.158545
【合租】南桥 军民花苑 3室次卧,军民花苑,834,http://sh.58.com//pinpaigongyu/26973896703948x.shtml,121.455764,30.913962
【合租】罗店 金丰苑 3室次卧,金丰苑,950,http://sh.58.com//pinpaigongyu/27127392209996x.shtml,121.340918,31.398106
【合租】小昆山 翔昆苑 3室主卧,翔昆苑,968,http://sh.58.com//pinpaigongyu/27125687343292x.shtml,121.126893,31.032448
【合租】月浦 新城昱翠湾 3室次卧,新城昱翠湾,1000,http://sh.58.com//pinpaigongyu/26974264326317x.shtml,121.418773,31.435979
【合租】惠南 德盈佳苑 3室次卧,德盈佳苑,900,http://sh.58.com//pinpaigongyu/27017679764794x.shtml,121.807749,31.062411
【合租】罗南 罗贤苑 3室次卧,罗贤苑,950,http://sh.58.com//pinpaigongyu/27371588361934x.shtml,121.351541,31.395643
【合租】惠南 惠康苑 3室次卧,惠康苑,1000,http://sh.58.com//pinpaigongyu/27424829119435x.shtml,121.743621,31.074066
【合租】南桥 悦丰新苑 3室主卧,悦丰新苑,968,http://sh.58.com//pinpaigongyu/27379639657936x.shtml,121.455536,30.931861
【合租】罗店 美罗家园润苑 3室次卧,美罗家园润苑,1000,http://sh.58.com//pinpaigongyu/26774394725951x.shtml,121.332989,31.398909
【合租】赵巷 崧文苑 4室次卧,崧文苑,954,http://sh.58.com//pinpaigongyu/27121581644342x.shtml,121.152402,31.153874
【合租】南桥 化工新村 3室次卧,化工新村,890,http://sh.58.com//pinpaigongyu/26973481595448x.shtml,121.460219,30.924345
【合租】菊园新区 宝菊清水园 1室次卧,宝菊清水园,983,http://sh.58.com//pinpaigongyu/27059673445957x.shtml,121.233089,31.380135
【合租】青浦新城 体育新村 3室次卧,体育新村,900,http://sh.58.com//pinpaigongyu/27315446741069x.shtml,121.124563,31.159123
【合租】安亭 胜巷新村 5室次卧,胜巷新村,838,http://sh.58.com//pinpaigongyu/27368581247282x.shtml,121.152253,31.307157
【合租】南桥 中粮南桥半岛二期 3室主卧,中粮南桥半岛二期,673,http://sh.58.com//pinpaigongyu/27291594782927x.shtml,121.456894,30.911385
【合租】菊园新区 汇丰凯苑 3室次卧,汇丰凯苑,1000,http://sh.58.com//pinpaigongyu/26718472485192x.shtml,121.232363,31.392535
【合租】青浦新城 万寿新村三区 3室次卧,万寿新村三区,800,http://sh.58.com//pinpaigongyu/27337983962182x.shtml,121.116713,31.162197
【合租】罗店 佳翔苑 3室次卧,佳翔苑,1000,http://sh.58.com//pinpaigongyu/27159384193227x.shtml,121.344193,31.406911
【合租】惠南 惠康苑 3室主卧,惠康苑,900,http://sh.58.com//pinpaigongyu/27358027646507x.shtml,121.743621,31.074066
【合租】罗南 罗贤苑 3室次卧,罗贤苑,950,http://sh.58.com//pinpaigongyu/27170013879222x.shtml,121.357470,31.388831
【整租】上海大学 城银路525号 1室0厅,城银路525号,999,http://sh.58.com//pinpaigongyu/27203056429895x.shtml,121.392385,31.315824
【合租】罗店 金丰苑南区 3室次卧,金丰苑南区,950,http://sh.58.com//pinpaigongyu/27092224293571x.shtml,121.346638,31.415251
【合租】青浦新城 新青浦花苑 3室次卧,新青浦花苑,800,http://sh.58.com//pinpaigongyu/27006135486534x.shtml,121.130227,31.161758
【合租】惠南 惠康苑东苑 3室次卧,惠康苑东苑,900,http://sh.58.com//pinpaigongyu/26771527682753x.shtml,121.761864,31.045767
【合租】青浦周边 海天苑新村 3室次卧,海天苑新村,700,http://sh.58.com//pinpaigongyu/27338946520377x.shtml,121.110853,31.1643
【合租】惠南 民乐城惠益新苑 2室次卧,民乐城惠益新苑,700,http://sh.58.com//pinpaigongyu/27322683297339x.shtml,121.746396,31.06379
【合租】惠南 惠康苑东苑 3室次卧,惠康苑东苑,800,http://sh.58.com//pinpaigongyu/27238200784063x.shtml,121.747012,31.074886
【合租】罗店 宝欣苑二村 2室次卧,宝欣苑二村,900,http://sh.58.com//pinpaigongyu/27422210053050x.shtml,121.346657,31.389982
【合租】惠南 惠康苑 3室次卧,惠康苑,900,http://sh.58.com//pinpaigongyu/27424813235532x.shtml,121.743621,31.074066
【合租】青浦新城 华中苑一区 3室次卧,华中苑一区,850,http://sh.58.com//pinpaigongyu/27006168264783x.shtml,121.161699,31.145494
【合租】南桥 中粮南桥半岛 3室次卧,中粮南桥半岛,609,http://sh.58.com//pinpaigongyu/26994965620426x.shtml,121.492657,30.926296
【合租】罗店 佳翔苑 3室次卧,佳翔苑,1000,http://sh.58.com//pinpaigongyu/27359339228484x.shtml,121.344193,31.406911
【合租】奉贤周边 南桥新城 3室次卧,南桥新城,1000,http://sh.58.com//pinpaigongyu/27260477673929x.shtml,121.508403,30.924838
【合租】外冈 外冈景苑 3室次卧,外冈景苑,933,http://sh.58.com//pinpaigongyu/27125524069317x.shtml,121.16504,31.374868
【合租】嘉定城区 合景叠翠峰 1室次卧,合景叠翠峰,1000,http://sh.58.com//pinpaigongyu/26452705510987x.shtml,121.223285,31.381131
【合租】嘉定城区 合景叠翠峰 1室次卧,合景叠翠峰,1000,http://sh.58.com//pinpaigongyu/26452705510987x.shtml,121.223285,31.381131
【合租】罗南 美安苑 3室次卧,美安苑,1000,http://sh.58.com//pinpaigongyu/27359364823082x.shtml,121.34881,31.394672
【合租】罗店 罗贤苑 3室次卧,罗贤苑,950,http://sh.58.com//pinpaigongyu/27394344229047x.shtml,121.346638,31.415251
【合租】惠南 金地城 3室次卧,金地城,900,http://sh.58.com//pinpaigongyu/27158589023813x.shtml,121.773856,31.062635
【合租】月浦 新城昱翠湾 2室次卧,新城昱翠湾,900,http://sh.58.com//pinpaigongyu/26747608428493x.shtml,121.419391,31.435599
【合租】罗南 金丰苑 3室次卧,金丰苑,1000,http://sh.58.com//pinpaigongyu/27039856837939x.shtml,121.340914,31.398332
【合租】罗南 佳翔苑 3室次卧,佳翔苑,1000,http://sh.58.com//pinpaigongyu/27105138630352x.shtml,121.346367,31.406369
【合租】月浦 月泉湾小区 3室次卧,月泉湾小区,1000,http://sh.58.com//pinpaigongyu/27106746869303x.shtml,121.431547,31.418431
【合租】菊园新区 汇丰凯苑 3室次卧,汇丰凯苑,1000,http://sh.58.com//pinpaigongyu/26705365798333x.shtml,121.232363,31.392535
【合租】青浦新城 新青浦花苑 3室次卧,新青浦花苑,800,http://sh.58.com//pinpaigongyu/26904901134643x.shtml,121.130227,31.161758
【合租】月浦 新月鸿锦苑 3室次卧,新月鸿锦苑,1000,http://sh.58.com//pinpaigongyu/27336310167886x.shtml,121.419941,31.426042
【合租】惠南 德盈佳苑 3室次卧,德盈佳苑,900,http://sh.58.com//pinpaigongyu/26973824137153x.shtml,121.807318,31.062565
【合租】嘉定城区 绿洲丰怡园 3室次卧,绿洲丰怡园,900,http://sh.58.com//pinpaigongyu/26807676877368x.shtml,121.240128,31.375088
【合租】惠南 惠益绿苑北苑 3室次卧,惠益绿苑北苑,900,http://sh.58.com//pinpaigongyu/27081992005564x.shtml,121.761864,31.045767
【合租】惠南 惠康苑 3室次卧,惠康苑,900,http://sh.58.com//pinpaigongyu/27126203023534x.shtml,121.744778,31.075603
【合租】惠南 惠康苑 3室次卧,惠康苑,900,http://sh.58.com//pinpaigongyu/27359852176818x.shtml,121.743621,31.074066
【合租】南桥 绿地南桥新苑 3室次卧,绿地南桥新苑,800,http://sh.58.com//pinpaigongyu/27315930649795x.shtml,121.477411,30.935518
【合租】罗店 美罗家园润苑 3室次卧,美罗家园润苑,950,http://sh.58.com//pinpaigongyu/27092248148393x.shtml,121.332989,31.398909
【合租】南桥 古华南区 3室主卧,古华南区,910,http://sh.58.com//pinpaigongyu/27291605261634x.shtml,121.474851,30.917078
【合租】南翔 翔和雅苑 3室次卧,翔和雅苑,998,http://sh.58.com//pinpaigongyu/27368580805691x.shtml,121.30428,31.319122
【合租】罗店 美罗家园润苑 3室次卧,美罗家园润苑,950,http://sh.58.com//pinpaigongyu/27127442053834x.shtml,121.332989,31.398909
【合租】惠南 惠康苑 3室次卧,惠康苑,800,http://sh.58.com//pinpaigongyu/27248980847310x.shtml,121.744383,31.075943
【合租】月浦 中冶祥腾宝月花园 3室次卧,中冶祥腾宝月花园,1000,http://sh.58.com//pinpaigongyu/26904127379528x.shtml,121.418674,31.429282
【合租】罗南 罗贤苑 3室次卧,罗贤苑,950,http://sh.58.com//pinpaigongyu/27223924497355x.shtml,121.35595,31.394449
【合租】南桥 育秀东区 3室主卧,育秀东区,831,http://sh.58.com//pinpaigongyu/26852730228037x.shtml,121.474202,30.913382
【合租】惠南 民乐城惠益新苑 2室次卧,民乐城惠益新苑,900,http://sh.58.com//pinpaigongyu/27355873410089x.shtml,121.746396,31.06379
【合租】月浦 新城昱翠湾 3室次卧,新城昱翠湾,1000,http://sh.58.com//pinpaigongyu/26904470891953x.shtml,121.419391,31.435599
【合租】罗店 宝欣苑一村 3室次卧,宝欣苑一村,950,http://sh.58.com//pinpaigongyu/27103293011907x.shtml,121.346638,31.415251
【合租】惠南 听潮民乐苑零一坊 3室次卧,听潮民乐苑零一坊,800,http://sh.58.com//pinpaigongyu/26467579124405x.shtml,121.761864,31.045767
【合租】惠南 惠康苑东苑 3室次卧,惠康苑东苑,1000,http://sh.58.com//pinpaigongyu/27106941320271x.shtml,121.761864,31.045767
【合租】惠南 惠康苑 3室次卧,惠康苑,900,http://sh.58.com//pinpaigongyu/27391472476095x.shtml,121.743621,31.074066
【合租】青浦新城 青浦怡田小区 3室主卧,青浦怡田小区,1000,http://sh.58.com//pinpaigongyu/27192574459946x.shtml,121.125623,31.164013
【合租】惠南 惠康苑 3室次卧,惠康苑,800,http://sh.58.com//pinpaigongyu/27238160175556x.shtml,121.743621,31.074066
【合租】月浦 新月鸿锦苑 2室次卧,新月鸿锦苑,900,http://sh.58.com//pinpaigongyu/27289824328907x.shtml,121.419936,31.425802
【合租】罗店 罗贤苑 3室次卧,罗贤苑,1000,http://sh.58.com//pinpaigongyu/27128373420983x.shtml,121.355513,31.394755
【合租】青浦新城 崧泽华城秀景苑 3室次卧,崧泽华城秀景苑,890,http://sh.58.com//pinpaigongyu/27423878116275x.shtml,121.165336,31.170116
【合租】罗店 佳翔苑 3室次卧,佳翔苑,1000,http://sh.58.com//pinpaigongyu/27258378636238x.shtml,121.344193,31.406911
【合租】菊园新区 汇丰荷苑 3室次卧,汇丰荷苑,1000,http://sh.58.com//pinpaigongyu/27349280147759x.shtml,121.250299,31.409254
【合租】惠南 艺泰一品花园 3室次卧,艺泰一品花园,800,http://sh.58.com//pinpaigongyu/27238140519096x.shtml,121.736254,31.055588
【合租】南桥 绿地南桥新苑 3室次卧,绿地南桥新苑,800,http://sh.58.com//pinpaigongyu/27269706011332x.shtml,121.472775,30.936653
【合租】惠南 惠益绿苑北苑 3室次卧,惠益绿苑北苑,1000,http://sh.58.com//pinpaigongyu/27095638532416x.shtml,121.747365,31.071798
【整租】友谊路 盘古路927弄 1室0厅,盘古路927弄,650,http://sh.58.com//pinpaigongyu/27412962146494x.shtml,121.469367,31.407389
【合租】惠南 惠康苑 3室次卧,惠康苑,900,http://sh.58.com//pinpaigongyu/27366923067057x.shtml,121.743621,31.074066
【合租】惠南 艺泰一品花园 3室次卧,艺泰一品花园,900,http://sh.58.com//pinpaigongyu/27125628119988x.shtml,121.736254,31.055588
【合租】南桥 贝港北区 3室主卧,贝港北区,862,http://sh.58.com//pinpaigongyu/26962611750064x.shtml,121.452701,30.917902
【合租】惠南 彩虹雅苑 3室主卧,彩虹雅苑,1000,http://sh.58.com//pinpaigongyu/26653527995195x.shtml,121.756027,31.049958
【合租】青浦新城 新锦港花园 3室次卧,新锦港花园,1000,http://sh.58.com//pinpaigongyu/27204872633659x.shtml,121.124934,31.16321
【合租】惠南 彩虹雅苑 3室主卧,彩虹雅苑,1000,http://sh.58.com//pinpaigongyu/26467573936833x.shtml,121.73822,31.054764
【合租】惠南 民乐城惠益新苑绿 3室次卧,民乐城惠益新苑绿,800,http://sh.58.com//pinpaigongyu/26467545765838x.shtml,121.761864,31.045767
【合租】外冈 外冈景苑 1室次卧,外冈景苑,806,http://sh.58.com//pinpaigongyu/27048018242091x.shtml,121.16504,31.374868
【合租】惠南 长城澜溪岸城 4室次卧,长城澜溪岸城,1000,http://sh.58.com//pinpaigongyu/26719654184511x.shtml,121.782485,31.055547
【合租】惠南 民乐城惠益新苑 2室次卧,民乐城惠益新苑,800,http://sh.58.com//pinpaigongyu/27378005673540x.shtml,121.746396,31.06379
【合租】南桥 白沙东苑 3室次卧,白沙东苑,568,http://sh.58.com//pinpaigongyu/26962524063561x.shtml,121.524718,30.946424
【合租】南桥 绿地南桥新苑 3室次卧,绿地南桥新苑,850,http://sh.58.com//pinpaigongyu/27269583071696x.shtml,121.472775,30.936653
【合租】月浦 新月鸿锦苑 3室次卧,新月鸿锦苑,1000,http://sh.58.com//pinpaigongyu/26784132053711x.shtml,121.424271,31.412098
【合租】南桥 运河新村 3室次卧,运河新村,764,http://sh.58.com//pinpaigongyu/26962866142644x.shtml,121.468537,30.924573
【合租】嘉定城区 远香舫庭苑 3室次卧,远香舫庭苑,1000,http://sh.58.com//pinpaigongyu/26806615115703x.shtml,121.265300,31.375602
【合租】罗店 罗贤苑 3室次卧,罗贤苑,900,http://sh.58.com//pinpaigongyu/26452903596223x.shtml,121.348959,31.389811
【合租】罗店 顺驰美兰湖 3室次卧,顺驰美兰湖,950,http://sh.58.com//pinpaigongyu/26894964975050x.shtml,121.362912,31.411473
【合租】罗店 罗贤苑 3室次卧,罗贤苑,900,http://sh.58.com//pinpaigongyu/27261542866753x.shtml,121.346638,31.415251
【合租】惠南 金地城 3室次卧,金地城,950,http://sh.58.com//pinpaigongyu/27017498917455x.shtml,121.773784,31.062681
【合租】青浦新城 体育新村 3室次卧,体育新村,850,http://sh.58.com//pinpaigongyu/26904879824331x.shtml,121.124585,31.158545
【合租】惠南 惠益绿苑北苑 3室次卧,惠益绿苑北苑,1000,http://sh.58.com//pinpaigongyu/26885008698192x.shtml,121.755145,31.063988
【合租】青浦新城 新青浦花苑 3室次卧,新青浦花苑,950,http://sh.58.com//pinpaigongyu/27181278242478x.shtml,121.130227,31.161758
【合租】惠南 惠康苑 2室次卧,惠康苑,900,http://sh.58.com//pinpaigongyu/27377999395267x.shtml,121.743621,31.074066
【合租】青浦新城 青浦怡田小区 3室次卧,青浦怡田小区,900,http://sh.58.com//pinpaigongyu/27192544173620x.shtml,121.126117,31.163712
【合租】小昆山 翔昆苑 3室次卧,翔昆苑,480,http://sh.58.com//pinpaigongyu/27346317994292x.shtml,121.126893,31.032448
【合租】罗店 美罗家园润苑 3室次卧,美罗家园润苑,900,http://sh.58.com//pinpaigongyu/27317001576260x.shtml,121.332989,31.398909
【合租】惠南 惠康苑 3室次卧,惠康苑,900,http://sh.58.com//pinpaigongyu/27269215382092x.shtml,121.743621,31.074066
【合租】罗南 美平苑 3室次卧,美平苑,900,http://sh.58.com//pinpaigongyu/27283964571081x.shtml,121.355027,31.396753
【合租】康建 科苑新村 1室主卧,科苑新村,860,http://sh.58.com//pinpaigongyu/27427231149869x.shtml,121.439673,31.168966
【合租】惠南 徳盈家园 4室主卧,徳盈家园,888,http://sh.58.com//pinpaigongyu/27390683347126x.shtml,121.806816,31.06393
【合租】南桥 育秀西区 3室次卧,育秀西区,858,http://sh.58.com//pinpaigongyu/26963087843278x.shtml,121.46806,30.916126
【合租】青浦新城 佳乐苑 3室次卧,佳乐苑,900,http://sh.58.com//pinpaigongyu/26793935840425x.shtml,121.224023,31.243254
【合租】南桥 悦丰新苑 4室主卧,悦丰新苑,959,http://sh.58.com//pinpaigongyu/27379638808628x.shtml,121.455536,30.931861
【合租】小昆山 翔昆苑 4室次卧,翔昆苑,875,http://sh.58.com//pinpaigongyu/27119554649018x.shtml,121.126893,31.032448
【合租】青浦新城 佳福雅苑 3室次卧,佳福雅苑,862,http://sh.58.com//pinpaigongyu/27225168681152x.shtml,121.146606,31.167621
【合租】罗店 佳翔苑 3室次卧,佳翔苑,900,http://sh.58.com//pinpaigongyu/27049953358253x.shtml,121.344193,31.406911
【合租】康建 徐汇公寓 1室主卧,【合租】康建,840,http://sh.58.com//pinpaigongyu/27316627470251x.shtml,121.439368,31.168425
【合租】菊园新区 宝菊新家园 4室次卧,宝菊新家园,973,http://sh.58.com//pinpaigongyu/26852058697663x.shtml,121.23225,31.391661
【合租】月浦 友谊家园 1室主卧,友谊家园,680,http://sh.58.com//pinpaigongyu/27427326413115x.shtml,121.469663,31.408032
【合租】浦江 永康城 2室次卧,永康城,900,http://sh.58.com//pinpaigongyu/27411160244403x.shtml,121.507419,31.028345
【合租】惠南 彩虹雅苑西苑 3室主卧,彩虹雅苑西苑,1000,http://sh.58.com//pinpaigongyu/26453214656176x.shtml,121.737231,31.054842
【合租】嘉定城区 绿洲丰怡园 3室次卧,绿洲丰怡园,1000,http://sh.58.com//pinpaigongyu/26486685266363x.shtml,121.2329,31.369529
【合租】惠南 艺泰一品花园 3室次卧,艺泰一品花园,900,http://sh.58.com//pinpaigongyu/26508147107769x.shtml,121.727102,31.047199
【合租】惠南 惠康苑东苑 3室次卧,惠康苑东苑,950,http://sh.58.com//pinpaigongyu/27017716437420x.shtml,121.761864,31.045767
【合租】罗南 宝欣苑一村 3室次卧,宝欣苑一村,1000,http://sh.58.com//pinpaigongyu/27028840762665x.shtml,121.346322,31.39243
【合租】罗店 吉翔苑 3室次卧,吉翔苑,950,http://sh.58.com//pinpaigongyu/27405393735354x.shtml,121.347445,31.407262
【合租】罗店 佳翔苑 3室次卧,佳翔苑,900,http://sh.58.com//pinpaigongyu/27372168627662x.shtml,121.344193,31.406911
【合租】惠南 惠康苑东苑 3室次卧,惠康苑东苑,800,http://sh.58.com//pinpaigongyu/27415181464652x.shtml,121.747012,31.074886
【合租】罗店 美罗家园润苑 3室次卧,美罗家园润苑,1000,http://sh.58.com//pinpaigongyu/27081273075271x.shtml,121.332989,31.398909
【合租】罗店 宝欣苑二村 3室次卧,宝欣苑二村,950,http://sh.58.com//pinpaigongyu/27114480591048x.shtml,121.346657,31.389982
【合租】青浦新城 新青浦花苑 3室次卧,新青浦花苑,900,http://sh.58.com//pinpaigongyu/26940257072075x.shtml,121.130321,31.161873
【合租】月浦 中冶祥腾宝月花 3室次卧,中冶祥腾宝月花,1000,http://sh.58.com//pinpaigongyu/26952127903564x.shtml,121.416617,31.433945
【合租】罗店 佳翔苑 3室次卧,佳翔苑,1000,http://sh.58.com//pinpaigongyu/27050464241992x.shtml,121.345668,31.405959
【合租】青浦新城 界泾港新村三区 3室次卧,界泾港新村三区,900,http://sh.58.com//pinpaigongyu/26795242576705x.shtml,121.224023,31.243254
【合租】罗店 宝欣苑二村 3室次卧,宝欣苑二村,1000,http://sh.58.com//pinpaigongyu/27337757914552x.shtml,121.346657,31.389982
【合租】惠南 彩虹雅苑 3室次卧,彩虹雅苑,900,http://sh.58.com//pinpaigongyu/27225725908048x.shtml,121.745138,31.060632
【合租】青浦新城 体育新村 3室次卧,体育新村,1000,http://sh.58.com//pinpaigongyu/27161637723716x.shtml,121.124477,31.158454
【合租】罗店 美罗家园润苑 3室次卧,美罗家园润苑,1000,http://sh.58.com//pinpaigongyu/27116391305914x.shtml,121.332989,31.398909
【整租】上海南站 上海南站 1室1厅,上海南站,760,http://sh.58.com//pinpaigongyu/27316675008299x.shtml,121.429056,31.153167
【合租】安亭 启航社U时代 4室主卧,启航社U时代,880,http://sh.58.com//pinpaigongyu/27326773540137x.shtml,121.148996,31.287561
【合租】罗店 佳翔苑 3室次卧,佳翔苑,1000,http://sh.58.com//pinpaigongyu/27192191277621x.shtml,121.345865,31.406391
【合租】罗店 美罗家园润苑 3室次卧,美罗家园润苑,1000,http://sh.58.com//pinpaigongyu/27159402539071x.shtml,121.332989,31.398909
【合租】罗店 金丰苑南区 3室次卧,金丰苑南区,1000,http://sh.58.com//pinpaigongyu/27085013745853x.shtml,121.346638,31.415251
【合租】惠南 彩虹雅苑 3室次卧,彩虹雅苑,800,http://sh.58.com//pinpaigongyu/26653781843653x.shtml,121.764611,31.050988
【合租】菊园新区 柳湖景庭 3室次卧,柳湖景庭,989,http://sh.58.com//pinpaigongyu/26850665180234x.shtml,121.253414,31.412555
【合租】罗店 宝欣苑 3室次卧,宝欣苑,950,http://sh.58.com//pinpaigongyu/27236681292739x.shtml,121.346226,31.392553
【合租】罗南 美平苑 3室次卧,美平苑,1000,http://sh.58.com//pinpaigongyu/27338062438189x.shtml,121.354146,31.396306
【合租】青浦新城 宝宜苑 3室次卧,宝宜苑,800,http://sh.58.com//pinpaigongyu/27161094113864x.shtml,121.121195,31.166207
【合租】罗店 美罗家园润苑 3室次卧,美罗家园润苑,900,http://sh.58.com//pinpaigongyu/27181547122475x.shtml,121.341163,31.405905
【合租】曹路 金海华城永华苑 3室主卧,金海华城永华苑,1000,http://sh.58.com//pinpaigongyu/27424516018112x.shtml,121.692251,31.276825
【整租】友谊路 盘古路927弄 1室0厅,盘古路927弄,560,http://sh.58.com//pinpaigongyu/27415950272686x.shtml,121.469367,31.407389
【合租】青浦周边 新塘苑 3室次卧,新塘苑,925,http://sh.58.com//pinpaigongyu/27125551816645x.shtml,121.091425,31.130862
【合租】罗南 宝欣苑一村 3室次卧,宝欣苑一村,1000,http://sh.58.com//pinpaigongyu/27258412217782x.shtml,121.346156,31.394514
【合租】惠南 惠康苑东苑 3室次卧,惠康苑东苑,1000,http://sh.58.com//pinpaigongyu/27105378658347x.shtml,121.761864,31.045767
【合租】菊园新区 怡华家园 4室次卧,怡华家园,1000,http://sh.58.com//pinpaigongyu/26467574348605x.shtml,121.251693,31.411665
【合租】惠南 惠康苑 3室次卧,惠康苑,1000,http://sh.58.com//pinpaigongyu/27205932333612x.shtml,121.74467,31.07585
【合租】罗店 佳境苑 3室次卧,佳境苑,900,http://sh.58.com//pinpaigongyu/27394328363333x.shtml,121.3619527,31.41108831
【合租】惠南 惠康苑 3室次卧,惠康苑,1000,http://sh.58.com//pinpaigongyu/27126223894189x.shtml,121.745641,31.075448
【合租】青浦新城 体育新村 3室次卧,体育新村,900,http://sh.58.com//pinpaigongyu/27161614142149x.shtml,121.124334,31.158254
【整租】月浦 新月鸿锦苑 3室1厅,新月鸿锦苑,900,http://sh.58.com//pinpaigongyu/26773579493828x.shtml,121.428816,31.423022
【合租】南桥 贝港南区 4室次卧,贝港南区,769,http://sh.58.com//pinpaigongyu/26851997578043x.shtml,121.453043,30.914085
【合租】罗南 佳翔苑 3室次卧,佳翔苑,1000,http://sh.58.com//pinpaigongyu/27092594665543x.shtml,121.34563,31.406323
【合租】罗南 美平苑 3室次卧,美平苑,950,http://sh.58.com//pinpaigongyu/27092276901296x.shtml,121.357470,31.388831
【合租】惠南 民乐城惠益新苑 3室次卧,民乐城惠益新苑,900,http://sh.58.com//pinpaigongyu/27314084452036x.shtml,121.746503,31.064189
【合租】惠南 伊顿公馆 3室次卧,伊顿公馆,900,http://sh.58.com//pinpaigongyu/27081254305709x.shtml,121.790825,31.063176
【合租】青浦新城 蓬莱山庄 3室次卧,蓬莱山庄,900,http://sh.58.com//pinpaigongyu/27327652676659x.shtml,121.136132,31.149575
【合租】嘉定新城 绿洲香润苑 3室次卧,绿洲香润苑,851,http://sh.58.com//pinpaigongyu/26849869258955x.shtml,121.289655,31.422052
【合租】嘉定城区 远香舫嘉苑 3室主卧,远香舫嘉苑,1000,http://sh.58.com//pinpaigongyu/26486889953965x.shtml,121.262487,31.360048
【合租】惠南 惠康苑 3室次卧,惠康苑,950,http://sh.58.com//pinpaigongyu/26894142676299x.shtml,121.743621,31.074066
【合租】罗店 美罗家园润苑 2室次卧,美罗家园润苑,1000,http://sh.58.com//pinpaigongyu/27116379532110x.shtml,121.332989,31.398909
【合租】青浦新城 新青浦花苑 3室次卧,新青浦花苑,1000,http://sh.58.com//pinpaigongyu/27204933857335x.shtml,121.130227,31.161758
【合租】惠南 徳盈家园 3室次卧,徳盈家园,988,http://sh.58.com//pinpaigongyu/27147385340738x.shtml,121.806816,31.06393
【合租】青浦新城 宝宜苑 3室次卧,宝宜苑,1000,http://sh.58.com//pinpaigongyu/26794363371213x.shtml,121.224023,31.243254
【合租】惠南 惠益绿苑北苑 3室次卧,惠益绿苑北苑,950,http://sh.58.com//pinpaigongyu/27084806617663x.shtml,121.747096,31.072278
【合租】南桥 合景万景峰 4室次卧,合景万景峰,949,http://sh.58.com//pinpaigongyu/27224804710578x.shtml,121.497754,30.940447
【合租】罗店 宝欣苑二村 3室次卧,宝欣苑二村,1000,http://sh.58.com//pinpaigongyu/27103224471083x.shtml,121.346657,31.389982
【合租】南桥 金鹏花苑 3室次卧,金鹏花苑,791,http://sh.58.com//pinpaigongyu/26973696047294x.shtml,121.472158,30.919118
【合租】青浦新城 新青浦花苑 3室次卧,新青浦花苑,900,http://sh.58.com//pinpaigongyu/27214077646135x.shtml,121.130227,31.161758
【合租】罗店 宝欣苑二村 3室次卧,宝欣苑二村,1000,http://sh.58.com//pinpaigongyu/27094499801522x.shtml,121.346657,31.389982
【合租】青浦新城 华骥苑一区 2室次卧,华骥苑一区,800,http://sh.58.com//pinpaigongyu/26902429237682x.shtml,121.132271,31.143194
【合租】罗店 佳翔苑 3室次卧,佳翔苑,950,http://sh.58.com//pinpaigongyu/27195509178304x.shtml,121.344193,31.406911
【合租】南桥 奉贤区南桥镇新建 3室次卧,奉贤区南桥镇新建,862,http://sh.58.com//pinpaigongyu/27291249193523x.shtml,121.456894,30.911385
【合租】南桥 立新新村 3室主卧,立新新村,968,http://sh.58.com//pinpaigongyu/26973463632848x.shtml,121.465379,30.922682
【合租】惠南 惠康苑 3室次卧,惠康苑,800,http://sh.58.com//pinpaigongyu/26653797507755x.shtml,121.76401,31.050694
【合租】罗店 佳翔苑 3室次卧,佳翔苑,1000,http://sh.58.com//pinpaigongyu/27081473241915x.shtml,121.344193,31.406911
【合租】惠南 惠康苑东苑 3室次卧,惠康苑东苑,1000,http://sh.58.com//pinpaigongyu/26995049027510x.shtml,121.744634,31.075727
【合租】月浦 中冶祥腾宝月花园 3室次卧,中冶祥腾宝月花园,800,http://sh.58.com//pinpaigongyu/27400094275408x.shtml,121.418674,31.429282
【合租】罗南 罗智苑 3室次卧,罗智苑,1000,http://sh.58.com//pinpaigongyu/27225465459001x.shtml,121.352431,31.396437
【合租】安亭 公桥新村 4室次卧,公桥新村,680,http://sh.58.com//pinpaigongyu/27412727123497x.shtml,121.136921,31.293998
【合租】罗店 美罗家园润苑 3室次卧,美罗家园润苑,900,http://sh.58.com//pinpaigongyu/27326980753836x.shtml,121.341634,31.405196
【合租】罗南 宝欣苑一村 3室次卧,宝欣苑一村,1000,http://sh.58.com//pinpaigongyu/27238259979051x.shtml,121.346313,31.392884
【合租】罗店 金丰苑南区 3室次卧,金丰苑南区,1000,http://sh.58.com//pinpaigongyu/27085051916334x.shtml,121.34114,31.398577
【合租】惠南 惠益绿苑北苑 3室次卧,惠益绿苑北苑,1000,http://sh.58.com//pinpaigongyu/27082008679110x.shtml,121.747329,31.072077
【合租】嘉定新城 绿洲香润苑 4室次卧,绿洲香润苑,958,http://sh.58.com//pinpaigongyu/27225028424523x.shtml,121.289655,31.422052
【合租】惠南 民乐城惠益新苑 3室次卧,民乐城惠益新苑,1000,http://sh.58.com//pinpaigongyu/27181167983051x.shtml,121.746396,31.06379
【合租】罗南 宝欣苑一村 3室次卧,宝欣苑一村,1000,http://sh.58.com//pinpaigongyu/27094350688302x.shtml,121.357470,31.388831
【合租】惠南 惠康苑 3室次卧,惠康苑,950,http://sh.58.com//pinpaigongyu/27040433741245x.shtml,121.743621,31.074066
【合租】惠南 惠康苑 3室次卧,惠康苑,900,http://sh.58.com//pinpaigongyu/26716814682173x.shtml,121.761864,31.045767
【合租】罗店 佳翔苑 3室次卧,佳翔苑,950,http://sh.58.com//pinpaigongyu/26983613644203x.shtml,121.344193,31.406911
【合租】惠南 金地城 3室次卧,金地城,1000,http://sh.58.com//pinpaigongyu/27158607062829x.shtml,121.773811,31.062643
【合租】罗南 罗贤苑 3室次卧,罗贤苑,950,http://sh.58.com//pinpaigongyu/27316175848233x.shtml,121.355997,31.394965
【合租】菊园新区 练祁佳苑 3室次卧,练祁佳苑,866,http://sh.58.com//pinpaigongyu/26851477089715x.shtml,121.219901,31.390656
【合租】惠南 惠康苑 3室次卧,惠康苑,900,http://sh.58.com//pinpaigongyu/27081203766459x.shtml,121.743621,31.074066
【合租】南桥 绿地南桥新苑 3室次卧,绿地南桥新苑,800,http://sh.58.com//pinpaigongyu/27315887142351x.shtml,121.472775,30.936653
【合租】安亭 光明捷座花园 3室次卧,光明捷座花园,1000,http://sh.58.com//pinpaigongyu/26486580057152x.shtml,121.182398,31.29901
【合租】月浦 新月鸿锦苑 3室次卧,新月鸿锦苑,1000,http://sh.58.com//pinpaigongyu/26972893422138x.shtml,121.424271,31.412098
【合租】惠南 惠康苑 3室次卧,惠康苑,900,http://sh.58.com//pinpaigongyu/26716748972739x.shtml,121.761864,31.045767
【合租】惠南 惠康苑 3室次卧,惠康苑,1000,http://sh.58.com//pinpaigongyu/26807917213099x.shtml,121.745946,31.075247
【合租】罗南 美安苑 3室次卧,美安苑,900,http://sh.58.com//pinpaigongyu/27169636688566x.shtml,121.352745,31.393223
【合租】惠南 艺泰一品花园 3室次卧,艺泰一品花园,950,http://sh.58.com//pinpaigongyu/27173447658445x.shtml,121.736254,31.055588
【合租】小昆山 翔昆苑 3室次卧,翔昆苑,480,http://sh.58.com//pinpaigongyu/27125711168812x.shtml,121.126893,31.032448
【合租】嘉定新城 绿洲香润苑 3室次卧,绿洲香润苑,996,http://sh.58.com//pinpaigongyu/27202690074313x.shtml,121.289655,31.422052
【合租】惠南 彩虹雅苑 3室主卧,彩虹雅苑,1000,http://sh.58.com//pinpaigongyu/26653534891848x.shtml,121.752294,31.049737
【合租】罗店 美安苑 3室次卧,美安苑,950,http://sh.58.com//pinpaigongyu/27127462549441x.shtml,121.354687,31.396666
【合租】罗店 美罗家园润苑 3室次卧,美罗家园润苑,1000,http://sh.58.com//pinpaigongyu/27313877547845x.shtml,121.332989,31.398909
【合租】惠南 惠康苑 2室次卧,惠康苑,900,http://sh.58.com//pinpaigongyu/27411162890797x.shtml,121.743621,31.074066
【合租】惠南 人生港湾南欧城 3室次卧,人生港湾南欧城,800,http://sh.58.com//pinpaigongyu/27249289008189x.shtml,121.776046,31.04496
【合租】南桥 悦丰新苑 3室次卧,悦丰新苑,994,http://sh.58.com//pinpaigongyu/27255146667833x.shtml,121.455536,30.931861
【合租】罗南 罗智苑 3室次卧,罗智苑,1000,http://sh.58.com//pinpaigongyu/27258513863217x.shtml,121.357470,31.388831
【合租】惠南 民乐城丽园 3室次卧,民乐城丽园,1000,http://sh.58.com//pinpaigongyu/27114819122602x.shtml,121.761864,31.045767
【合租】罗店 宝欣苑一村 3室次卧,宝欣苑一村,1000,http://sh.58.com//pinpaigongyu/27038733891792x.shtml,121.346638,31.415251
【合租】嘉定新城 绿洲香润苑 4室次卧,绿洲香润苑,992,http://sh.58.com//pinpaigongyu/27224988378563x.shtml,121.289655,31.422052
【合租】惠南 民乐城惠益新苑 3室次卧,民乐城惠益新苑,900,http://sh.58.com//pinpaigongyu/26850919130283x.shtml,121.761864,31.045767
【合租】嘉定新城 绿洲香润苑 4室次卧,绿洲香润苑,955,http://sh.58.com//pinpaigongyu/27224987474231x.shtml,121.289655,31.422052
【合租】月浦 新月鸿锦苑 3室次卧,新月鸿锦苑,1000,http://sh.58.com//pinpaigongyu/26973651361193x.shtml,121.424271,31.412098
【合租】南桥 古华新村 3室主卧,古华新村,818,http://sh.58.com//pinpaigongyu/27335388821050x.shtml,121.474271,30.922656
【合租】罗南 罗贤苑 3室次卧,罗贤苑,1000,http://sh.58.com//pinpaigongyu/27085009328051x.shtml,121.357470,31.388831
【合租】惠南 惠康苑 3室次卧,惠康苑,800,http://sh.58.com//pinpaigongyu/27284128190642x.shtml,121.743621,31.074066
【合租】惠南 艺泰一品花园 3室次卧,艺泰一品花园,1000,http://sh.58.com//pinpaigongyu/27159307141441x.shtml,121.736254,31.055588
【合租】青浦新城 华中苑一区 3室次卧,华中苑一区,1000,http://sh.58.com//pinpaigongyu/26793648058154x.shtml,121.224023,31.243254
【合租】惠南 人生港湾南欧城 3室次卧,人生港湾南欧城,900,http://sh.58.com//pinpaigongyu/27194558924093x.shtml,121.775734,31.045179
【合租】惠南 惠康苑 2室次卧,惠康苑,700,http://sh.58.com//pinpaigongyu/27333745568946x.shtml,121.743621,31.074066
【合租】惠南 德盈佳苑 3室次卧,德盈佳苑,1000,http://sh.58.com//pinpaigongyu/27338902365897x.shtml,121.761864,31.045767
【合租】月浦 新月鸿锦苑 2室次卧,新月鸿锦苑,900,http://sh.58.com//pinpaigongyu/27289657268171x.shtml,121.419936,31.425802
【合租】曹路 永华苑 3室次卧,永华苑,1000,http://sh.58.com//pinpaigongyu/26951067695933x.shtml,121.672798,31.270817
【合租】罗南 美安苑 3室次卧,美安苑,1000,http://sh.58.com//pinpaigongyu/27169654178882x.shtml,121.352862,31.393308
【合租】惠南 惠康苑 2室次卧,惠康苑,800,http://sh.58.com//pinpaigongyu/27411161696832x.shtml,121.743621,31.074066
【合租】罗店 金丰苑 3室次卧,金丰苑,950,http://sh.58.com//pinpaigongyu/27028575895726x.shtml,121.340918,31.398106
【合租】罗南 佳翔苑 3室主卧,佳翔苑,800,http://sh.58.com//pinpaigongyu/26452735428930x.shtml,121.347305,31.402673
【合租】惠南 一方新城 3室次卧,一方新城,1000,http://sh.58.com//pinpaigongyu/27358001564110x.shtml,121.746449,31.040553
【合租】惠南 惠康苑东苑 3室次卧,惠康苑东苑,900,http://sh.58.com//pinpaigongyu/26994775852352x.shtml,121.743916,31.075634
【合租】南桥 同盛南桥花园 3室主卧,同盛南桥花园,916,http://sh.58.com//pinpaigongyu/26973763331016x.shtml,121.464717,30.934074
【合租】惠南 惠康苑 3室次卧,惠康苑,700,http://sh.58.com//pinpaigongyu/27212122862005x.shtml,121.743621,31.074066
【合租】惠南 民乐城惠益新苑 3室次卧,民乐城惠益新苑,1000,http://sh.58.com//pinpaigongyu/26939744145469x.shtml,121.751839,31.071597
【合租】罗店 金丰苑 3室次卧,金丰苑,950,http://sh.58.com//pinpaigongyu/27028575895726x.shtml,121.340918,31.398106
【合租】惠南 民乐城惠益新苑 3室次卧,民乐城惠益新苑,900,http://sh.58.com//pinpaigongyu/26950565412530x.shtml,121.769956,31.052602
【合租】惠南 惠康苑东苑 3室次卧,惠康苑东苑,1000,http://sh.58.com//pinpaigongyu/27117495488683x.shtml,121.753923,31.060895
【合租】惠南 兴东佳苑 3室次卧,兴东佳苑,1000,http://sh.58.com//pinpaigongyu/26873503171386x.shtml,121.765885,31.059792
【合租】嘉定新城 绿洲香润苑 3室次卧,绿洲香润苑,911,http://sh.58.com//pinpaigongyu/27224863767854x.shtml,121.289655,31.422052
【合租】赵巷 崧文苑 4室次卧,崧文苑,925,http://sh.58.com//pinpaigongyu/27346470318514x.shtml,121.152402,31.153874
【合租】惠南 彩虹雅苑 3室次卧,彩虹雅苑,1000,http://sh.58.com//pinpaigongyu/27225811975879x.shtml,121.74503,31.06057
【合租】罗南 宝欣苑二村 3室次卧,宝欣苑二村,950,http://sh.58.com//pinpaigongyu/27038883227703x.shtml,121.346008,31.393547
【合租】嘉定新城 绿洲香润苑 3室主卧,绿洲香润苑,855,http://sh.58.com//pinpaigongyu/26849867896507x.shtml,121.289655,31.422052
【合租】南桥 中粮南桥半岛 4室次卧,中粮南桥半岛,850,http://sh.58.com//pinpaigongyu/27255138324812x.shtml,121.492657,30.926296
【合租】赵巷 华中苑 3室次卧,华中苑,964,http://sh.58.com//pinpaigongyu/27224858000825x.shtml,121.160692,31.146195
【合租】青浦新城 青城苑 3室次卧,青城苑,800,http://sh.58.com//pinpaigongyu/26467544558518x.shtml,121.122116,31.149287
【合租】罗南 宝欣苑一村 3室次卧,宝欣苑一村,900,http://sh.58.com//pinpaigongyu/27238170980024x.shtml,121.346248,31.392578
【合租】罗店 金丰苑 3室次卧,金丰苑,900,http://sh.58.com//pinpaigongyu/26651963629642x.shtml,121.358959,31.399519
【合租】罗店 宝欣苑二村 3室次卧,宝欣苑二村,1000,http://sh.58.com//pinpaigongyu/27016734617933x.shtml,121.346171,31.393337
【合租】外冈 外冈佳苑 4室次卧,外冈佳苑,707,http://sh.58.com//pinpaigongyu/26851171782968x.shtml,121.161965,31.370755
【合租】惠南 惠康苑 3室次卧,惠康苑,900,http://sh.58.com//pinpaigongyu/27248998306886x.shtml,121.744491,31.07585
【合租】南桥 秋月朗庭 3室次卧,秋月朗庭,806,http://sh.58.com//pinpaigongyu/27291593697579x.shtml,121.467769,30.935133
【合租】惠南 彩虹雅苑 3室次卧,彩虹雅苑,1000,http://sh.58.com//pinpaigongyu/27051168946486x.shtml,121.744922,31.060817
【合租】小昆山 翔昆苑 3室次卧,翔昆苑,969,http://sh.58.com//pinpaigongyu/27169504451771x.shtml,121.126893,31.032448
【合租】嘉定城区 绿洲丰怡园 3室次卧,绿洲丰怡园,1000,http://sh.58.com//pinpaigongyu/27336100587954x.shtml,121.240523,31.374927
【合租】安亭 胜巷新村 5室次卧,胜巷新村,812,http://sh.58.com//pinpaigongyu/27423882829499x.shtml,121.152253,31.307157
【合租】南桥 悦丰新苑 3室主卧,悦丰新苑,973,http://sh.58.com//pinpaigongyu/27098041161132x.shtml,121.455536,30.931861
【合租】罗店 佳翔苑 3室次卧,佳翔苑,900,http://sh.58.com//pinpaigongyu/26939098070574x.shtml,121.344193,31.406911
【合租】惠南 惠康苑 3室次卧,惠康苑,900,http://sh.58.com//pinpaigongyu/27205909932206x.shtml,121.744599,31.07616
【合租】青浦新城 民乐佳苑一区 3室次卧,民乐佳苑一区,950,http://sh.58.com//pinpaigongyu/26836076778422x.shtml,121.097916,31.167135
【合租】罗南 罗贤苑 3室次卧,罗贤苑,900,http://sh.58.com//pinpaigongyu/27338074589506x.shtml,121.355637,31.395088
【合租】罗店 美罗家园润苑 3室次卧,美罗家园润苑,950,http://sh.58.com//pinpaigongyu/27339410264108x.shtml,121.332989,31.398909
【合租】惠南 民乐城惠园 3室次卧,民乐城惠园,900,http://sh.58.com//pinpaigongyu/26452678659135x.shtml,121.740141,31.065896
【合租】曹路 金群苑南区 3室次卧,金群苑南区,1000,http://sh.58.com//pinpaigongyu/27370688637105x.shtml,121.687161,31.283513
【合租】惠南 惠康苑 3室次卧,惠康苑,800,http://sh.58.com//pinpaigongyu/27212119516334x.shtml,121.743621,31.074066
【合租】惠南 人生港湾南欧城 3室次卧,人生港湾南欧城,1000,http://sh.58.com//pinpaigongyu/27159275302959x.shtml,121.776046,31.04496
【合租】惠南 伊顿公馆 3室次卧,伊顿公馆,800,http://sh.58.com//pinpaigongyu/26653520287564x.shtml,121.753881,31.049333
【合租】安亭 玉兰三村 3室次卧,玉兰三村,1000,http://sh.58.com//pinpaigongyu/26904510653135x.shtml,121.167102,31.305591
【合租】惠南 伊顿公馆 3室次卧,伊顿公馆,900,http://sh.58.com//pinpaigongyu/26874905699773x.shtml,121.780679,31.060149
【合租】罗店 佳翔苑 3室次卧,佳翔苑,950,http://sh.58.com//pinpaigongyu/26960170671051x.shtml,121.344193,31.406911
【合租】惠南 惠康苑 2室次卧,惠康苑,700,http://sh.58.com//pinpaigongyu/27378000627627x.shtml,121.743621,31.074066
【合租】青浦新城 青浦怡田小区 3室次卧,青浦怡田小区,900,http://sh.58.com//pinpaigongyu/27150522683697x.shtml,121.126229,31.16399
【合租】惠南 彩虹雅苑 3室次卧,彩虹雅苑,800,http://sh.58.com//pinpaigongyu/27284111009470x.shtml,121.744863,31.0604
【合租】罗店 宝欣苑二村 3室次卧,宝欣苑二村,950,http://sh.58.com//pinpaigongyu/27402233363785x.shtml,121.346657,31.389982
【合租】罗店 宝欣苑二村 3室次卧,宝欣苑二村,950,http://sh.58.com//pinpaigongyu/27402233363785x.shtml,121.346657,31.389982
【合租】惠南 惠康苑 3室次卧,惠康苑,900,http://sh.58.com//pinpaigongyu/27283150567342x.shtml,121.745209,31.075758
【合租】惠南 伊顿公馆 3室次卧,伊顿公馆,800,http://sh.58.com//pinpaigongyu/26653524229289x.shtml,121.756381,31.05012
【合租】青浦新城 体育新村 3室主卧,体育新村,1000,http://sh.58.com//pinpaigongyu/26705315604401x.shtml,121.124585,31.158545
【合租】罗南 罗贤苑 3室次卧,罗贤苑,1000,http://sh.58.com//pinpaigongyu/27338088888633x.shtml,121.356194,31.394641
【合租】惠南 惠康苑东苑 3室次卧,惠康苑东苑,800,http://sh.58.com//pinpaigongyu/27249336700863x.shtml,121.747012,31.074886
【合租】马陆 枫树林景苑 1室次卧,枫树林景苑,999,http://sh.58.com//pinpaigongyu/27051747331503x.shtml,121.276732,31.337487
【合租】菊园新区 汇丰荷苑 3室次卧,汇丰荷苑,1000,http://sh.58.com//pinpaigongyu/27125756234154x.shtml,121.250299,31.409254
【合租】安亭 公桥新村 4室次卧,公桥新村,880,http://sh.58.com//pinpaigongyu/27412691344832x.shtml,121.136741,31.293968
【合租】菊园新区 柳湖景庭 3室次卧,柳湖景庭,1000,http://sh.58.com//pinpaigongyu/27359192867898x.shtml,121.253414,31.412555
【合租】菊园新区 柳湖景庭 2室次卧,柳湖景庭,998,http://sh.58.com//pinpaigongyu/26836082699842x.shtml,121.253414,31.412555
【合租】惠南 惠康苑 3室次卧,惠康苑,1000,http://sh.58.com//pinpaigongyu/27359870473803x.shtml,121.743621,31.074066
【合租】松江新城 三辰苑 3室次卧,三辰苑,990,http://sh.58.com//pinpaigongyu/26851861879754x.shtml,121.195173,31.01597
【合租】南桥 悦丰新苑 3室主卧,悦丰新苑,994,http://sh.58.com//pinpaigongyu/27225059754823x.shtml,121.455536,30.931861
【合租】马陆 马陆清水湾 1室次卧,马陆清水湾,959,http://sh.58.com//pinpaigongyu/27051887555521x.shtml,121.293955,31.338483
【合租】嘉定新城 练祁佳城同盛园 3室次卧,练祁佳城同盛园,900,http://sh.58.com//pinpaigongyu/26652132366666x.shtml,121.256371,31.332106
【合租】小昆山 翔昆苑 3室次卧,翔昆苑,480,http://sh.58.com//pinpaigongyu/27346447523769x.shtml,121.126893,31.032448
【合租】南桥 金海苑 3室次卧,金海苑,704,http://sh.58.com//pinpaigongyu/27291246978353x.shtml,121.506417,30.923641
【合租】南桥 绿地南桥新苑 3室次卧,绿地南桥新苑,1000,http://sh.58.com//pinpaigongyu/27170660761005x.shtml,121.472775,30.936653
【合租】安亭 大名尚苑 3室主卧,大名尚苑,1000,http://sh.58.com//pinpaigongyu/26871702105022x.shtml,121.161912,31.29585
【合租】惠南 德盈佳苑 3室次卧,德盈佳苑,1000,http://sh.58.com//pinpaigongyu/26951365378749x.shtml,121.807462,31.062503
【合租】罗南 宝欣苑二村 3室次卧,宝欣苑二村,1000,http://sh.58.com//pinpaigongyu/27115119672261x.shtml,121.345743,31.39322
【合租】罗店 金丰苑 3室次卧,金丰苑,950,http://sh.58.com//pinpaigongyu/27006663012658x.shtml,121.340918,31.398106
【合租】南桥 正阳世纪星城 4室次卧,正阳世纪星城,968,http://sh.58.com//pinpaigongyu/27379626169023x.shtml,121.484694,30.919998
【合租】康建 科苑新村 1室次卧,科苑新村,860,http://sh.58.com//pinpaigongyu/27415207915948x.shtml,121.439655,31.168928
【合租】南桥 悦丰新苑 4室次卧,悦丰新苑,980,http://sh.58.com//pinpaigongyu/27291160605625x.shtml,121.455536,30.931861
【合租】嘉定城区 绿洲丰怡园 3室次卧,绿洲丰怡园,1000,http://sh.58.com//pinpaigongyu/26718429458995x.shtml,121.241502,31.384953
【合租】安亭 瑞立华庭 3室次卧,瑞立华庭,1000,http://sh.58.com//pinpaigongyu/26784441684297x.shtml,121.157438,31.288120
【合租】罗店 佳翔苑 3室次卧,佳翔苑,1000,http://sh.58.com//pinpaigongyu/27029718896707x.shtml,121.344193,31.406911
【合租】罗店 宝欣苑二村 2室次卧,宝欣苑二村,1000,http://sh.58.com//pinpaigongyu/27344795211331x.shtml,121.346657,31.389982
【合租】青浦新城 崧文轩 4室次卧,崧文轩,963,http://sh.58.com//pinpaigongyu/27213794148265x.shtml,121.152738,31.156711
【合租】惠南 惠康苑 3室次卧,惠康苑,900,http://sh.58.com//pinpaigongyu/26884990633162x.shtml,121.743287,31.074567
【合租】惠南 惠康苑 3室次卧,惠康苑,1000,http://sh.58.com//pinpaigongyu/27173540261957x.shtml,121.743621,31.074066
【合租】月浦 中冶尚园 2室次卧,中冶尚园,800,http://sh.58.com//pinpaigongyu/26891438604365x.shtml,121.421036,31.432074
【合租】安亭 棕榈湾花园 3室主卧,棕榈湾花园,900,http://sh.58.com//pinpaigongyu/27181236664632x.shtml,121.087442,31.30145
【合租】外冈 外冈佳苑 4室次卧,外冈佳苑,1000,http://sh.58.com//pinpaigongyu/27125580827181x.shtml,121.162931,31.368739
【合租】青浦新城 佳福雅苑 3室次卧,佳福雅苑,998,http://sh.58.com//pinpaigongyu/27423881243842x.shtml,121.146606,31.167621
【合租】罗店 美罗家园润苑 3室次卧,美罗家园润苑,900,http://sh.58.com//pinpaigongyu/27191939568057x.shtml,121.332989,31.398909
【合租】罗店 美罗家园润苑 3室次卧,美罗家园润苑,1000,http://sh.58.com//pinpaigongyu/27291528979023x.shtml,121.341598,31.405027
【合租】南桥 育秀东区 3室次卧,育秀东区,580,http://sh.58.com//pinpaigongyu/27335401774130x.shtml,121.474202,30.913382